Workbook

Sheet Input
A1: Software Skoring IST | O1: RW
A2: SoftwarePsikotes.com | N2: SE | O2: =C93 -> 0
N3: WA | O3: =F93 -> 0
A4: Nomor | C4: : | N4: AN | O4: =I93 -> 0
A5: Nama | C5: : | N5: GE | O5: =K89 -> 0
A6: Tgl Lahir / Usia | C6: : | N6: ME | O6: =L119 -> 0
A7: Tgl Tes | C7: : | N7: RA | O7: =O93 -> 0
A8: Pendidikan | C8: : | N8: ZR | O8: =C119 -> 0
A9: Tujuan Tes | C9: : | N9: FA | O9: =F119 -> 0
N10: WU | O10: =I119 -> 0
N11: JML | O11: =SUM(O2:O10) -> 0
B13: Perhatian: Pemeriksa hanya boleh mengisi di kolom berwarna putih di tabel!
B15: SE | E15: WA | H15: AN | K15: GE | N15: RA
B16: No | C16: Jawaban Klien | E16: No | F16: Jawaban Klien | H16: No | I16: Jawaban Klien | K16: No | L16: Jawaban Klien | N16: No | O16: Jawaban Klien
B18: 1 | E18: 21 | H18: 41 | K18: 61 | N18: 77
B19: 2 | E19: 22 | H19: 42 | K19: 62 | N19: 78
B20: 3 | E20: 23 | H20: 43 | K20: 63 | N20: 79
B21: 4 | E21: 24 | H21: 44 | K21: 64 | N21: 80
B22: 5 | E22: 25 | H22: 45 | K22: 65 | N22: 81
B23: 6 | E23: 26 | H23: 46 | K23: 66 | N23: 82
B24: 7 | E24: 27 | H24: 47 | K24: 67 | N24: 83
B25: 8 | E25: 28 | H25: 48 | K25: 68 | N25: 84
B26: 9 | E26: 29 | H26: 49 | K26: 69 | N26: 85
B27: 10 | E27: 30 | H27: 50 | K27: 70 | N27: 86
B28: 11 | E28: 31 | H28: 51 | K28: 71 | N28: 87
B29: 12 | E29: 32 | H29: 52 | K29: 72 | N29: 88
... B33: 16 | E33: 36 | H33: 56 | K33: 76 | N33: 92
B34: 17 | E34: 37 | H34: 57 | N34: 93
B35: 18 | E35: 38 | H35: 58 | N35: 94
B36: 19 | E36: 39 | H36: 59 | N36: 95
B37: 20 | E37: 40 | H37: 60 | N37: 96
B41: ZR | E41: FA | H41: WU | K41: ME
B42: No | C42: Jawaban Klien | E42: No | F42: Jawaban Klien | H42: No | I42: Jawaban Klien | K42: No | L42: Jawaban Klien
B44: 97 | E44: 117 | H44: 137 | K44: 157
B45: 98 | E45: 118 | H45: 138 | K45: 158
B46: 99 | E46: 119 | H46: 139 | K46: 159
B47: 100 | E47: 120 | H47: 140 | K47: 160
B48: 101 | E48: 121 | H48: 141 | K48: 161
B49: 102 | E49: 122 | H49: 142 | K49: 162
B50: 103 | E50: 123 | H50: 143 | K50: 163
B51: 104 | E51: 124 | H51: 144 | K51: 164
B52: 105 | E52: 125 | H52: 145 | K52: 165
B53: 106 | E53: 126 | H53: 146 | K53: 166
B54: 107 | E54: 127 | H54: 147 | K54: 167
B55: 108 | E55: 128 | H55: 148 | K55: 168
... B63: 116 | E63: 136 | H63: 156 | K63: 176
B71: Kunci Jawaban SE | C71: Skor | E71: Kunci Jawaban WA | F71: Skor | H71: Kunci Jawaban AN | I71: Skor | K71: Skor GE | N71: Kunci Jawaban RA | O71: Skor | Q71: Konversi GE
B73: e | C73: =IF(C18=B73,1,0) -> 0 | E73: a | F73: =IF(F18=E73,1,0) -> 0 | H73: c | I73: =IF(I18=H73,1,0) -> 0 | K73: =IF(L18="bunga",2,IF(L18="kembang",2,IF(L18="perdu",2,IF(L18="tumbuh-tumbuhan",1,IF(L18="tumbuhan",1,IF(L18="tanaman",1,IF(L18="tangkai",1,IF(L18="harum",1,0)))))))) -> 0 | N73: 35 | O73: =IF(O18=35,1,IF(O18=53,1,0)) -> 0 | Q73: 0 | R73: 0
B74: c | C74: =IF(C19=B74,1,0) -> 0 | E74: b | F74: =IF(F19=E74,1,0) -> 0 | H74: e | I74: =IF(I19=H74,1,0) -> 0 | K74: =IF(L19="alat indra",2,IF(L19="indra",2,IF(L19="panca indra",2,IF(L19="organ",1,IF(L19="organ tubuh",1,IF(L19="alat tubuh",1,IF(L19="bagian tubuh",1,0))))))) -> 0 | N74: 280 | O74: =IF(O19=280,1,IF(O19=208,1,IF(O19=28,1,IF(O19=82,1,IF(O19=802,1,IF(O19=820,1,0)))))) -> 0 | Q74: 1 | R74: 1
B75: d | C75: =IF(C20=B75,1,0) -> 0 | E75: d | F75: =IF(F20=E75,1,0) -> 0 | H75: d | I75: =IF(I20=H75,1,0) -> 0 | K75: =IF(L20="hablur",2,IF(L20="kristal",2,IF(L20="zat arang",2,IF(L20="berkilau",1,IF(L20="berkilauanan",1,IF(L20="mengkilat",1,IF(L20="bening",1,0))))))) -> 0 | N75: 250 | O75: =IF(O20=250,1,IF(O20=205,1,IF(O20=25,1,IF(O20=52,1,IF(O20=502,1,IF(O20=520,1,0)))))) -> 0 | Q75: 2 | R75: 2
B76: d | C76: =IF(C21=B76,1,0) -> 0 | E76: c | F76: =IF(F21=E76,1,0) -> 0 | H76: d | I76: =IF(I21=H76,1,0) -> 0 | K76: =IF(L21="cuaca",2,IF(L21="musim",2,IF(L21="air",1,IF(L21="basah",1,IF(L21="gejala alam",1,0))))) -> 0 | N76: 26 | O76: =IF(O21=26,1,IF(O21=62,1,0)) -> 0 | Q76: 3 | R76: 3
B77: e | C77: =IF(C22=B77,1,0) -> 0 | E77: c | F77: =IF(F22=E77,1,0) -> 0 | H77: d | I77: =IF(I22=H77,1,0) -> 0 | K77: =IF(L22="pembawa berita",2,IF(L22="alat perhubungan",2,IF(L22="alat komunikasi",2,IF(L22="pos",1,IF(L22="p.t.t",1,IF(L22="telekomunikasi",1,IF(L22="perhubungan",1,IF(L22="komunikasi",1,0)))))))) -> 0 | N77: 30 | O77: =IF(O22=30,1,IF(O22=3,1,0)) -> 0 | Q77: 4 | R77: 4
B78: b | C78: =IF(C23=B78,1,0) -> 0 | E78: c | F78: =IF(F23=E78,1,0) -> 0 | H78: b | I78: =IF(I23=H78,1,0) -> 0 | K78: =IF(L23="alat optik",2,IF(L23="optik",2,IF(L23="lensa",1,0))) -> 0 | N78: 70 | O78: =IF(O23=70,1,IF(O23=7,1,0)) -> 0 | Q78: 5 | R78: 5
B79: c | C79: =IF(C24=B79,1,0) -> 0 | E79: c | F79: =IF(F24=E79,1,0) -> 0 | H79: d | I79: =IF(I24=H79,1,0) -> 0 | K79: =IF(L24="alat pencernaan",2,IF(L24="jalan makanan",1,IF(L24="perut",1,IF(L24="isi perut",1,IF(L24="pencernaan",1,IF(L24="pencernaan makanan",1,0)))))) -> 0 | N79: 45 | O79: =IF(O24=45,1,IF(O24=54,1,0)) -> 0 | Q79: 6 | R79: 5
B80: a | C80: =IF(C25=B80,1,0) -> 0 | E80: d | F80: =IF(F25=E80,1,0) -> 0 | H80: b | I80: =IF(I25=H80,1,0) -> 0 | K80: =IF(L25="penyebut jumlah",2,IF(L25="pengertian jumlah",2,IF(L25="jumlah",2,IF(L25="kuantitas",2,IF(L25="mengukur",1,IF(L25="ukuran",1,IF(L25="ukur",1,0))))))) -> 0 | N80: 50 | O80: =IF(O25=50,1,IF(O25=5,1,0)) -> 0 | Q80: 7 | R80: 6
B81: e | C81: =IF(C26=B81,1,0) -> 0 | E81: d | F81: =IF(F26=E81,1,0) -> 0 | H81: e | I81: =IF(I26=H81,1,0) -> 0 | K81: =IF(L26="bibit",2,IF(L26="bakal",2,IF(L26="alat pembiak",2,IF(L26="permulaan kehidupan",2,IF(L26="sel",1,IF(L26="pembiakan",1,IF(L26="perkembangbiakan",1,IF(L26="berkembangbiak",1,0)))))))) -> 0 | N81: 48 | O81: =IF(O26=48,1,IF(O26=84,1,0)) -> 0 | Q81: 8 | R81: 6
B82: b | C82: =IF(C27=B82,1,0) -> 0 | E82: a | F82: =IF(F27=E82,1,0) -> 0 | H82: d | I82: =IF(I27=H82,1,0) -> 0 | K82: =IF(L27="simbol",2,IF(L27="lambang",2,IF(L27="tanda",2,IF(L27="nama",1,IF(L27="pengenal",1,IF(L27="tanda pengenal",1,0)))))) -> 0 | N82: 78 | O82: =IF(O27=78,1,IF(O27=87,1,0)) -> 0 | Q82: 9 | R82: 7
B83: c | C83: =IF(C28=B83,1,0) -> 0 | E83: e | F83: =IF(F28=E83,1,0) -> 0 | H83: c | I83: =IF(I28=H83,1,0) -> 0 | K83: =IF(L28="makhluk",2,IF(L28="makhluk hidup",2,IF(L28="organisme",2,IF(L28="tumbuh",1,IF(L28="biologi",1,IF(L28="ilmu hayat",1,IF(L28="ilmu hayati",1,0))))))) -> 0 | N83: 19 | O83: =IF(O28=19,1,IF(O28=91,1,0)) -> 0 | Q83: 10 | R83: 7
B84: d | C84: =IF(C29=B84,1,0) -> 0 | E84: a | F84: =IF(F29=E84,1,0) -> 0 | H84: c | I84: =IF(I29=H84,1,0) -> 0 | K84: =IF(L29="wadah",2,IF(L29="tempat mengisi",2,IF(L29="tempat penyimpan",2,IF(L29="tempat penyimpanan",2,IF(L29="tempat susuatu",1,IF(L29="alat",1,IF(L29="tempat",1,IF(L29="benda",1,0)))))))) -> 0 | N84: 6 | O84: =IF(O29=N84,1,0) -> 0 | Q84: 11 | R84: 8
B85: d | C85: =IF(C30=B85,1,0) -> 0 | E85: a | F85: =IF(F30=E85,1,0) -> 0 | H85: c | I85: =IF(I30=H85,1,0) -> 0 | K85: =IF(L30="pengertian waktu",2,IF(L30="batas",2,IF(L30="batas waktu",2,IF(L30="waktu",1,IF(L30="masa",1,IF(L30="saat",1,IF(L30="lamanya",1,IF(L30="lama",1,0)))))))) -> 0 | N85: 57 | O85: =IF(O30=57,1,IF(O30=75,1,0)) -> 0 | Q85: 12 | R85: 8
B86: e | C86: =IF(C31=B86,1,0) -> 0 | E86: b | F86: =IF(F31=E86,1,0) -> 0 | H86: c | I86: =IF(I31=H86,1,0) -> 0 | K86: =IF(L31="sifat-watak",2,IF(L31="sifat-karakter",2,IF(L31="karakter",2,IF(L31="watak",2,IF(L31="sifat",1,0))))) -> 0 | N86: 90 | O86: =IF(O31=90,1,IF(O31=9,1,0)) -> 0 | Q86: 13 | R86: 9
B87: c | C87: =IF(C32=B87,1,0) -> 0 | E87: c | F87: =IF(F32=E87,1,0) -> 0 | H87: e | I87: =IF(I32=H87,1,0) -> 0 | K87: =IF(L32="regulator harga",2,IF(L32="regulasi harga",2,IF(L32="pengertian ekonomi",2,IF(L32="dagang",1,IF(L32="niaga",1,IF(L32="penjualan",1,IF(L32="pembelian",1,IF(L32="jual beli",1,0)))))))) -> 0 | N87: 120 | O87: =IF(O32=120,1,IF(O32=102,1,IF(O32=12,1,IF(O32=21,1,IF(O32=201,1,IF(O32=210,1,0)))))) -> 0 | Q87: 14 | R87: 9
B88: a | C88: =IF(C33=B88,1,0) -> 0 | E88: a | F88: =IF(F33=E88,1,0) -> 0 | H88: c | I88: =IF(I33=H88,1,0) -> 0 | K88: =IF(L33="pengertian ruang",2,IF(L33="penyebut ruang",2,IF(L33="arah",1,IF(L33="letak",1,IF(L33="penentuan daerah",1,IF(L33="tempat",1,IF(L33="ruang",1,IF(L33="penunjuk tempat",1,0)))))))) -> 0 | N88: 17 | O88: =IF(O33=17,1,IF(O33=71,1,0)) -> 0 | Q88: 15 | R88: 10
B89: b | C89: =IF(C34=B89,1,0) -> 0 | E89: d | F89: =IF(F34=E89,1,0) -> 0 | H89: c | I89: =IF(I34=H89,1,0) -> 0 | K89: =SUM(K73:K88) -> 0 | N89: 24 | O89: =IF(O34=24,1,IF(O34=42,1,0)) -> 0 | Q89: 16 | R89: 10
B90: b | C90: =IF(C35=B90,1,0) -> 0 | E90: e | F90: =IF(F35=E90,1,0) -> 0 | H90: e | I90: =IF(I35=H90,1,0) -> 0 | K90: =IF(K89>=31,20,VLOOKUP(K89,$Q$73:$R$103,2)) -> 0 | N90: 5 | O90: =IF(O35=N90,1,0) -> 0 | Q90: 17 | R90: 11
B91: c | C91: =IF(C36=B91,1,0) -> 0 | E91: b | F91: =IF(F36=E91,1,0) -> 0 | H91: e | I91: =IF(I36=H91,1,0) -> 0 | N91: 48 | O91: =IF(O36=48,1,IF(O36=84,1,0)) -> 0 | Q91: 18 | R91: 11
B92: a | C92: =IF(C37=B92,1,0) -> 0 | E92: c | F92: =IF(F37=E92,1,0) -> 0 | H92: e | I92: =IF(I37=H92,1,0) -> 0 | N92: 9 | O92: =IF(O37=N92,1,0) -> 0 | Q92: 19 | R92: 12
C93: =SUM(C73:C92) -> 0 | F93: =SUM(F73:F92) -> 0 | I93: =SUM(I73:I92) -> 0 | O93: =SUM(O73:O92) -> 0 | Q93: 20 | R93: 12
Q94: 21 | R94: 13
Q95: 22 | R95: 13
Q96: 23 | R96: 14
B97: Kunci Jawaban ZR | C97: Skor | E97: Kunci Jawaban FA | F97: Skor | H97: Kunci Jawaban WU | I97: Skor | K97: Kunci Jawaban ME | L97: Skor | Q97: 24 | R97: 14
Q98: 25 | R98: 15
B99: 27 | C99: =IF(C44=27,1,IF(C44=72,1,0)) -> 0 | E99: b | F99: =IF(F44=E99,1,0) -> 0 | H99: a | I99: =IF(I44=H99,1,0) -> 0 | K99: d | L99: =IF(L44=K99,1,0) -> 0 | Q99: 26 | R99: 15
B100: 25 | C100: =IF(C45=25,1,IF(C45=52,1,0)) -> 0 | E100: d | F100: =IF(F45=E100,1,0) -> 0 | H100: c | I100: =IF(I45=H100,1,0) -> 0 | K100: e | L100: =IF(L45=K100,1,0) -> 0 | Q100: 27 | R100: 16
B101: 27 | C101: =IF(C46=27,1,IF(C46=72,1,0)) -> 0 | E101: c | F101: =IF(F46=E101,1,0) -> 0 | G101: PRIA | H101: d | I101: =IF(I46=H101,1,0) -> 0 | K101: b | L101: =IF(L46=K101,1,0) -> 0 | Q101: 28 | R101: 17
B102: 15 | C102: =IF(C47=15,1,IF(C47=51,1,0)) -> 0 | E102: b | F102: =IF(F47=E102,1,0) -> 0 | G102: WANITA | H102: e | I102: =IF(I47=H102,1,0) -> 0 | K102: a | L102: =IF(L47=K102,1,0) -> 0 | Q102: 29 | R102: 18
B103: 46 | C103: =IF(C48=46,1,IF(C48=64,1,0)) -> 0 | E103: e | F103: =IF(F48=E103,1,0) -> 0 | H103: a | I103: =IF(I48=H103,1,0) -> 0 | K103: c | L103: =IF(L48=K103,1,0) -> 0 | Q103: 30 | R103: 19
B104: 10 | C104: =IF(C49=10,1,IF(C49=1,1,0)) -> 0 | E104: c | F104: =IF(F49=E104,1,0) -> 0 | H104: c | I104: =IF(I49=H104,1,0) -> 0 | K104: a | L104: =IF(L49=K104,1,0) -> 0
B105: 24 | C105: =IF(C50=24,1,IF(C50=42,1,0)) -> 0 | E105: d | F105: =IF(F50=E105,1,0) -> 0 | H105: d | I105: =IF(I50=H105,1,0) -> 0 | K105: d | L105: =IF(L50=K105,1,0) -> 0
B106: 7 | C106: =IF(C51=B106,1,0) -> 0 | E106: a | F106: =IF(F51=E106,1,0) -> 0 | H106: c | I106: =IF(I51=H106,1,0) -> 0 | K106: e | L106: =IF(L51=K106,1,0) -> 0
B107: 5 | C107: =IF(C52=B107,1,0) -> 0 | E107: a | F107: =IF(F52=E107,1,0) -> 0 | H107: e | I107: =IF(I52=H107,1,0) -> 0 | K107: c | L107: =IF(L52=K107,1,0) -> 0
B108: 14 | C108: =IF(C53=14,1,IF(C53=41,1,0)) -> 0 | E108: e | F108: =IF(F53=E108,1,0) -> 0 | H108: a | I108: =IF(I53=H108,1,0) -> 0 | K108: b | L108: =IF(L53=K108,1,0) -> 0
B109: 8 | C109: =IF(C54=B109,1,0) -> 0 | E109: a | F109: =IF(F54=E109,1,0) -> 0 | H109: b | I109: =IF(I54=H109,1,0) -> 0 | K109: b | L109: =IF(L54=K109,1,0) -> 0
B110: 14 | C110: =IF(C55=14,1,IF(C55=41,1,0)) -> 0 | E110: c | F110: =IF(F55=E110,1,0) -> 0 | H110: d | I110: =IF(I55=H110,1,0) -> 0 | K110: a | L110: =IF(L55=K110,1,0) -> 0
B111: 45 | C111: =IF(C56=45,1,IF(C56=54,1,0)) -> 0 | E111: d | F111: =IF(F56=E111,1,0) -> 0 | H111: e | I111: =IF(I56=H111,1,0) -> 0 | K111: e | L111: =IF(L56=K111,1,0) -> 0
B112: 36 | C112: =IF(C57=36,1,IF(C57=63,1,0)) -> 0 | E112: c | F112: =IF(F57=E112,1,0) -> 0 | H112: b | I112: =IF(I57=H112,1,0) -> 0 | K112: c | L112: =IF(L57=K112,1,0) -> 0
B113: 12 | C113: =IF(C58=12,1,IF(C58=21,1,0)) -> 0 | E113: b | F113: =IF(F58=E113,1,0) -> 0 | H113: d | I113: =IF(I58=H113,1,0) -> 0 | K113: d | L113: =IF(L58=K113,1,0) -> 0
B114: 80 | C114: =IF(C59=80,1,IF(C59=8,1,0)) -> 0 | E114: a | F114: =IF(F59=E114,1,0) -> 0 | H114: b | I114: =IF(I59=H114,1,0) -> 0 | K114: b | L114: =IF(L59=K114,1,0) -> 0
B115: 14 | C115: =IF(C60=14,1,IF(C60=41,1,0)) -> 0 | E115: b | F115: =IF(F60=E115,1,0) -> 0 | H115: a | I115: =IF(I60=H115,1,0) -> 0 | K115: e | L115: =IF(L60=K115,1,0) -> 0
B116: 12 | C116: =IF(C61=12,1,IF(C61=21,1,0)) -> 0 | E116: d | F116: =IF(F61=E116,1,0) -> 0 | H116: e | I116: =IF(I61=H116,1,0) -> 0 | K116: a | L116: =IF(L61=K116,1,0) -> 0
B117: 36 | C117: =IF(C62=36,1,IF(C62=63,1,0)) -> 0 | E117: c | F117: =IF(F62=E117,1,0) -> 0 | H117: b | I117: =IF(I62=H117,1,0) -> 0 | K117: c | L117: =IF(L62=K117,1,0) -> 0
B118: 10 | C118: =IF(C63=10,1,IF(C63=1,1,0)) -> 0 | E118: c | F118: =IF(F63=E118,1,0) -> 0 | H118: c | I118: =IF(I63=H118,1,0) -> 0 | K118: d | L118: =IF(L63=K118,1,0) -> 0
C119: =SUM(C99:C118) -> 0 | F119: =SUM(F99:F118) -> 0 | I119: =SUM(I99:I118) -> 0 | L119: =SUM(L99:L118) -> 0

Sheet Output
A1: - Software Psikotes -
J7: RW | K7: SW
I9: SE | J9: =Input!O2 -> 0 | K9: =Norma!A10 -> 60
I10: WA | J10: =Input!O3 -> 0 | K10: =Norma!A11 -> 35
I11: AN | J11: =Input!O4 -> 0 | K11: =Norma!A12 -> 34
I12: GE | J12: =Input!O5 -> 0 | K12: =Norma!A13 -> 57
I13: ME | J13: =Input!O6 -> 0 | K13: =Norma!A14 -> 52
I14: RA | J14: =Input!O7 -> 0 | K14: =Norma!A15 -> 60
I15: ZR | J15: =Input!O8 -> 0 | K15: =Norma!A16 -> 60
I16: FA | J16: =Input!O9 -> 0 | K16: =Norma!A17 -> 45
I17: WU | J17: =Input!O10 -> 0 | K17: =Norma!A18 -> 55
N18: SE | Q18: WA | T18: AN | W18: GE | Z18: ME | AC18: RA | AF18: ZR | AI18: FA | AL18: WU
I19: IQ | J19: =SUM(J9:J17) -> 0 | K19: =Norma!A20 -> #N/A
B25: Nomor | C25: : | D25: =IF(Input!D4>0,Input!D4,"")
B26: Nama | C26: : | D26: =IF(Input!D5>0,Input!D5,"")
B27: Tgl Lahir/Usia | C27: : | D27: =IF(Input!D6>0,Input!D6,"")
B28: Tgl Tes | C28: : | D28: =IF(Input!D7>0,Input!D7,"")
B29: Pendidikan | C29: : | D29: =IF(Input!D8>0,Input!D8,"")
B30: Tujuan Tes | C30: : | D30: =IF(Input!D9>0,Input!D9,"")

Sheet Norma
A1: RAHASIA | D1: SE | G1: WA | J1: AN | M1: GE | P1: ME | S1: RA | V1: ZR | Y1: FA | AB1: WU
C2: RW | D2: SLTP | E2: SLTA | F2: SARJ | G2: SLTP | H2: SLTA | I2: SARJ | J2: SLTP | K2: SLTA | L2: SARJ | M2: SLTP | N2: SLTA | O2: SARJ | P2: SLTP | Q2: SLTA | R2: SARJ | S2: SLTP | T2: SLTA | U2: SARJ | V2: SLTP | W2: SLTA | X2: SARJ | Y2: SLTP | Z2: SLTA | AA2: SARJ | AB2: SLTP | AC2: SLTA | AD2: SARJ
C3: 0 | D3: 69 | E3: 71 | F3: 60 | G3: 68 | H3: 67 | I3: 35 | J3: 76 | K3: 79 | L3: 34 | M3: 78 | N3: 70 | O3: 57 | P3: 71 | Q3: 74 | R3: 52 | S3: 79 | T3: 79 | U3: 60 | V3: 79 | W3: 85 | X3: 60 | Y3: 66 | Z3: 69 | AA3: 45 | AB3: 74 | AC3: 75 | AD3: 55 | AE3: 0
C4: 1 | D4: 73 | E4: 75 | F4: 65 | G4: 72 | H4: 71 | I4: 40 | J4: 80 | K4: 83 | L4: 42 | M4: 80 | N4: 72 | O4: 60 | P4: 74 | Q4: 76 | R4: 56 | S4: 82 | T4: 82 | U4: 65 | V4: 81 | W4: 87 | X4: 64 | Y4: 69 | Z4: 73 | AA4: 50 | AB4: 76 | AC4: 78 | AD4: 60 | AE4: 1
C5: 2 | D5: 77 | E5: 78 | F5: 70 | G5: 76 | H5: 74 | I5: 45 | J5: 83 | K5: 86 | L5: 60 | M5: 82 | N5: 75 | O5: 63 | P5: 76 | Q5: 78 | R5: 60 | S5: 84 | T5: 84 | U5: 70 | V5: 84 | W5: 89 | X5: 68 | Y5: 73 | Z5: 75 | AA5: 55 | AB5: 79 | AC5: 81 | AD5: 65 | AE5: 2
C6: 3 | D6: 82 | E6: 82 | F6: 75 | G6: 80 | H6: 78 | I6: 50 | J6: 87 | K6: 89 | L6: 68 | M6: 84 | N6: 77 | O6: 64 | P6: 78 | Q6: 80 | R6: 64 | S6: 87 | T6: 87 | U6: 75 | V6: 86 | W6: 91 | X6: 72 | Y6: 76 | Z6: 79 | AA6: 60 | AB6: 82 | AC6: 84 | AD6: 70 | AE6: 3
C7: 4 | D7: 86 | E7: 86 | F7: 80 | G7: 84 | H7: 81 | I7: 55 | J7: 90 | K7: 92 | L7: 76 | M7: 86 | N7: 79 | O7: 67 | P7: 81 | Q7: 82 | R7: 68 | S7: 90 | T7: 89 | U7: 80 | V7: 88 | W7: 93 | X7: 76 | Y7: 79 | Z7: 82 | AA7: 65 | AB7: 85 | AC7: 87 | AD7: 75 | AE7: 4
A8: HASIL SW | C8: 5 | D8: 90 | E8: 90 | F8: 85 | G8: 87 | H8: 84 | I8: 60 | J8: 94 | K8: 96 | L8: 84 | M8: 88 | N8: 81 | O8: 70 | P8: 83 | Q8: 84 | R8: 72 | S8: 92 | T8: 92 | U8: 85 | V8: 91 | W8: 95 | X8: 80 | Y8: 82 | Z8: 85 | AA8: 70 | AB8: 88 | AC8: 90 | AD8: 80 | AE8: 5
C9: 6 | D9: 94 | E9: 93 | F9: 90 | G9: 91 | H9: 88 | I9: 65 | J9: 98 | K9: 99 | L9: 92 | M9: 90 | N9: 84 | O9: 73 | P9: 86 | Q9: 87 | R9: 76 | S9: 95 | T9: 95 | U9: 90 | V9: 93 | W9: 96 | X9: 84 | Y9: 86 | Z9: 88 | AA9: 75 | AB9: 91 | AC9: 93 | AD9: 85 | AE9: 6
A10: =IF(Output!J9>20,"Salah",IF(Output!$D$29="SLTP",VLOOKUP(Output!J9,Norma!$C$3:$AD$35,2),IF(Output!$D$29="SLTA",(VLOOKUP(Output!J9,Norma!$C$3:$AD$35,3)),(VLOOKUP(Output!J9,Norma!$C$3:$AD$35,4))))) -> 60 | C10: 7 | D10: 98 | E10: 97 | F10: 95 | G10: 95 | H10: 92 | I10: 70 | J10: 101 | K10: 102 | L10: 100 | M10: 92 | N10: 86 | O10: 76 | P10: 88 | Q10: 89 | R10: 80 | S10: 98 | T10: 97 | U10: 95 | V10: 95 | W10: 98 | X10: 88 | Y10: 89 | Z10: 91 | AA10: 80 | AB10: 94 | AC10: 96 | AD10: 90 | AE10: 7
A11: =IF(Output!J10>20,"Salah",IF(Output!$D$29="SLTP",VLOOKUP(Output!J10,Norma!$C$3:$AD$35,5),IF(Output!$D$29="SLTA",(VLOOKUP(Output!J10,Norma!$C$3:$AD$35,6)),(VLOOKUP(Output!J10,Norma!$C$3:$AD$35,7))))) -> 35 | C11: 8 | D11: 102 | E11: 101 | F11: 100 | G11: 99 | H11: 95 | I11: 75 | J11: 105 | K11: 106 | L11: 108 | M11: 94 | N11: 88 | O11: 79 | P11: 91 | Q11: 91 | R11: 84 | S11: 100 | T11: 100 | U11: 100 | V11: 98 | W11: 100 | X11: 92 | Y11: 92 | Z11: 94 | AA11: 85 | AB11: 97 | AC11: 99 | AD11: 95 | AE11: 8
A12: =IF(Output!J11>20,"Salah",IF(Output!$D$29="SLTP",VLOOKUP(Output!J11,Norma!$C$3:$AD$35,8),IF(Output!$D$29="SLTA",(VLOOKUP(Output!J11,Norma!$C$3:$AD$35,9)),(VLOOKUP(Output!J11,Norma!$C$3:$AD$35,10))))) -> 34 | C12: 9 | D12: 106 | E12: 105 | F12: 105 | G12: 103 | H12: 98 | I12: 80 | J12: 108 | K12: 109 | L12: 116 | M12: 96 | N12: 90 | O12: 81 | P12: 93 | Q12: 93 | R12: 88 | S12: 103 | T12: 102 | U12: 105 | V12: 100 | W12: 102 | X12: 96 | Y12: 95 | Z12: 97 | AA12: 90 | AB12: 100 | AC12: 102 | AD12: 100 | AE12: 9
A13: =IF(Output!J12>32,"Salah",IF(Output!$D$29="SLTP",VLOOKUP(Output!J12,Norma!$C$3:$AD$35,11),IF(Output!$D$29="SLTA",(VLOOKUP(Output!J12,Norma!$C$3:$AD$35,12)),(VLOOKUP(Output!J12,Norma!$C$3:$AD$35,13))))) -> 57 | C13: 10 | D13: 110 | E13: 108 | F13: 110 | G13: 107 | H13: 102 | I13: 85 | J13: 112 | K13: 112 | L13: 124 | M13: 97 | N13: 93 | O13: 84 | P13: 95 | Q13: 95 | R13: 92 | S13: 106 | T13: 105 | U13: 110 | V13: 102 | W13: 104 | X13: 100 | Y13: 99 | Z13: 100 | AA13: 95 | AB13: 103 | AC13: 105 | AD13: 105 | AE13: 10
A14: =IF(Output!J13>20,"Salah",IF(Output!$D$29="SLTP",VLOOKUP(Output!J13,Norma!$C$3:$AD$35,14),IF(Output!$D$29="SLTA",(VLOOKUP(Output!J13,Norma!$C$3:$AD$35,15)),(VLOOKUP(Output!J13,Norma!$C$3:$AD$35,16))))) -> 52 | C14: 11 | D14: 114 | E14: 112 | F14: 115 | G14: 111 | H14: 105 | I14: 90 | J14: 115 | K14: 115 | L14: 132 | M14: 99 | N14: 95 | O14: 87 | P14: 98 | Q14: 97 | R14: 96 | S14: 108 | T14: 107 | U14: 115 | V14: 105 | W14: 106 | X14: 104 | Y14: 102 | Z14: 103 | AA14: 100 | AB14: 106 | AC14: 108 | AD14: 110 | AE14: 11
A15: =IF(Output!J14>20,"Salah",IF(Output!$D$29="SLTP",VLOOKUP(Output!J14,Norma!$C$3:$AD$35,17),IF(Output!$D$29="SLTA",(VLOOKUP(Output!J14,Norma!$C$3:$AD$35,18)),(VLOOKUP(Output!J14,Norma!$C$3:$AD$35,19))))) -> 60 | C15: 12 | D15: 118 | E15: 116 | F15: 120 | G15: 114 | H15: 109 | I15: 95 | J15: 119 | K15: 119 | L15: 140 | M15: 101 | N15: 97 | O15: 90 | P15: 100 | Q15: 100 | R15: 100 | S15: 111 | T15: 110 | U15: 120 | V15: 107 | W15: 108 | X15: 108 | Y15: 105 | Z15: 106 | AA15: 105 | AB15: 109 | AC15: 111 | AD15: 115 | AE15: 12
A16: =IF(Output!J15>20,"Salah",IF(Output!$D$29="SLTP",VLOOKUP(Output!J15,Norma!$C$3:$AD$35,20),IF(Output!$D$29="SLTA",(VLOOKUP(Output!J15,Norma!$C$3:$AD$35,21)),(VLOOKUP(Output!J15,Norma!$C$3:$AD$35,22))))) -> 60 | C16: 13 | D16: 122 | E16: 120 | F16: 125 | G16: 118 | H16: 112 | I16: 100 | J16: 122 | K16: 122 | L16: 148 | M16: 103 | N16: 99 | O16: 93 | P16: 103 | Q16: 102 | R16: 104 | S16: 114 | T16: 112 | U16: 125 | V16: 109 | W16: 109 | X16: 112 | Y16: 108 | Z16: 109 | AA16: 110 | AB16: 112 | AC16: 114 | AD16: 120 | AE16: 13
A17: =IF(Output!J16>20,"Salah",IF(Output!$D$29="SLTP",VLOOKUP(Output!J16,Norma!$C$3:$AD$35,23),IF(Output!$D$29="SLTA",(VLOOKUP(Output!J16,Norma!$C$3:$AD$35,24)),(VLOOKUP(Output!J16,Norma!$C$3:$AD$35,25))))) -> 45 | C17: 14 | D17: 126 | E17: 123 | F17: 130 | G17: 122 | H17: 116 | I17: 105 | J17: 126 | K17: 125 | L17: 156 | M17: 105 | N17: 101 | O17: 96 | P17: 105 | Q17: 104 | R17: 108 | S17: 116 | T17: 115 | U17: 130 | V17: 112 | W17: 111 | X17: 116 | Y17: 112 | Z17: 112 | AA17: 115 | AB17: 115 | AC17: 117 | AD17: 125 | AE17: 14
A18: =IF(Output!J17>20,"Salah",IF(Output!$D$29="SLTP",VLOOKUP(Output!J17,Norma!$C$3:$AD$35,26),IF(Output!$D$29="SLTA",(VLOOKUP(Output!J17,Norma!$C$3:$AD$35,27)),(VLOOKUP(Output!J17,Norma!$C$3:$AD$35,28))))) -> 55 | C18: 15 | D18: 130 | E18: 127 | F18: 135 | G18: 126 | H18: 119 | I18: 110 | J18: 130 | K18: 129 | L18: 164 | M18: 107 | N18: 104 | O18: 97 | P18: 108 | Q18: 106 | R18: 112 | S18: 119 | T18: 118 | U18: 135 | V18: 114 | W18: 113 | X18: 120 | Y18: 115 | Z18: 115 | AA18: 120 | AB18: 118 | AC18: 120 | AD18: 130 | AE18: 15
A19: TOTAL | C19: 16 | D19: 134 | E19: 131 | F19: 140 | G19: 130 | H19: 123 | I19: 115 | J19: 133 | K19: 132 | L19: 172 | M19: 109 | N19: 106 | O19: 100 | P19: 110 | Q19: 108 | R19: 116 | S19: 122 | T19: 120 | U19: 140 | V19: 116 | W19: 115 | X19: 124 | Y19: 118 | Z19: 118 | AA19: 125 | AB19: 121 | AC19: 123 | AD19: 135 | AE19: 16
A20: =IF(Output!$D$29="sltp",VLOOKUP(Output!$J$19,Norma!$C$38:$D$161,2),VLOOKUP(Output!$J$19,Norma!$E$38:$F$166,2)) -> #N/A | C20: 17 | D20: 139 | E20: 135 | F20: 145 | G20: 134 | H20: 126 | I20: 120 | J20: 137 | K20: 135 | L20: 180 | M20: 111 | N20: 108 | O20: 103 | P20: 113 | Q20: 110 | R20: 120 | S20: 124 | T20: 123 | U20: 145 | V20: 119 | W20: 117 | X20: 128 | Y20: 121 | Z20: 121 | AA20: 130 | AB20: 124 | AC20: 126 | AD20: 140 | AE20: 17
C21: 18 | D21: 143 | E21: 138 | F21: 150 | G21: 138 | H21: 130 | I21: 125 | J21: 140 | K21: 138 | L21: 188 | M21: 113 | N21: 110 | O21: 106 | P21: 115 | Q21: 112 | R21: 124 | S21: 127 | T21: 125 | U21: 150 | V21: 121 | W21: 119 | X21: 132 | Y21: 124 | Z21: 124 | AA21: 135 | AB21: 127 | AC21: 129 | AD21: 145 | AE21: 18
C22: 19 | D22: 147 | E22: 142 | F22: 155 | G22: 141 | H22: 133 | I22: 130 | J22: 144 | K22: 142 | L22: 196 | M22: 115 | N22: 113 | O22: 109 | P22: 117 | Q22: 115 | R22: 128 | S22: 130 | T22: 128 | U22: 155 | V22: 123 | W22: 121 | X22: 136 | Y22: 128 | Z22: 127 | AA22: 140 | AB22: 130 | AC22: 131 | AD22: 150 | AE22: 19
C23: 20 | D23: 151 | E23: 146 | F23: 160 | G23: 145 | H23: 137 | I23: 135 | J23: 147 | K23: 145 | L23: 204 | M23: 117 | N23: 115 | O23: 111 | P23: 120 | Q23: 117 | R23: 132 | S23: 132 | T23: 130 | U23: 160 | V23: 126 | W23: 122 | X23: 140 | Y23: 131 | Z23: 130 | AA23: 145 | AB23: 133 | AC23: 134 | AD23: 155 | AE23: 20
C24: 21 | M24: 119 | N24: 117 | O24: 114 | AE24: 21
C25: 22 | M25: 121 | N25: 119 | O25: 117 | AE25: 22
C26: 23 | M26: 123 | N26: 122 | O26: 120 | AE26: 23
C27: 24 | M27: 125 | N27: 124 | O27: 123 | AE27: 24
C28: 25 | M28: 127 | N28: 126 | O28: 126 | AE28: 25
C29: 26 | M29: 129 | N29: 129 | O29: 129 | AE29: 26
C30: 27 | M30: 131 | N30: 131 | O30: 131 | AE30: 27
C31: 28 | M31: 133 | N31: 133 | O31: 134 | AE31: 28
C32: 29 | M32: 135 | N32: 135 | O32: 137 | AE32: 29
C33: 30 | M33: 137 | N33: 137 | O33: 140 | AE33: 30
C34: 31 | M34: 139 | N34: 140 | O34: 143 | AE34: 31
C35: 32 | M35: 141 | N35: 142 | O35: 146 | AE35: 32
C38: SLTP | D38: IQ Total | E38: >SLTP | F38: IQ Total
C39: 28 | D39: 77 | E39: 25 | F39: 70
C40: 29 | D40: 77 | E40: 26 | F40: 70
C41: 30 | D41: 78 | E41: 27 | F41: 71
C42: 31 | D42: 78 | E42: 28 | F42: 71
C43: 32 | D43: 78 | E43: 29 | F43: 72
C44: 33 | D44: 79 | E44: 30 | F44: 72
C45: 34 | D45: 79 | E45: 31 | F45: 73
C46: 35 | D46: 80 | E46: 32 | F46: 73
C47: 36 | D47: 80 | E47: 33 | F47: 74
C48: 37 | D48: 81 | E48: 34 | F48: 74
C49: 38 | D49: 81 | E49: 35 | F49: 75
C50: 39 | D50: 82 | E50: 36 | F50: 75
... C161: 150 | D161: 132 | E161: 147 | F161: 130
E162: 148 | F162: 130
E163: 149 | F163: 131
E164: 150 | F164: 131
E165: 151 | F165: 132
E166: 152 | F166: 132
