Workbook

Sheet Soal
C1: HOLLAND TEST (RIASEC)
D3: Nama | E3: : | F3: Dina
D4: Jenis Kelamin | E4: : | F4: Laki-laki | H4: Laki-laki
D5: Tanggal Lahir | E5: : | F5: 32866 | H5: Perempuan
D6: Pendidikan | E6: : | F6: S1 - Akuntansi
C7: Bacalah setiap pernyataan di bawah ini. Jika Anda setuju dengan pernyataan tersebut, silakan berikan tanda silang "x" dikolom yang tersedia. Tidak ada jawaban yang benar atau salah.
A9: CODE | C9: NO | D9: SOAL | G9: YA | H9: TIDAK | J9: R | K9: I | L9: A | M9: S | N9: E | O9: C
A10: A8 | C10: 1 | D10: Senang menonton drama | H10: x | J10: =IF(AND(LEFT($A10,1)="R",$G10="x"),1,0) -> 0 | K10: =IF(AND(LEFT($A10,1)="I",$G10="x"),1,0) -> 0 | L10: =IF(AND(LEFT($A10,1)="A",$G10="x"),1,0) -> 0 | M10: =IF(AND(LEFT($A10,1)="S",$G10="x"),1,0) -> 0 | N10: =IF(AND(LEFT($A10,1)="E",$G10="x"),1,0) -> 0 | O10: =IF(AND(LEFT($A10,1)="C",$G10="x"),1,0) -> 0 | P10: =IF(COUNTA(G10:H10)=2,"Pilih Satu Jawaban","")
A11: S5 | C11: 2 | D11: Senang Melatih Orang | H11: x | J11: =IF(AND(LEFT($A11,1)="R",$G11="x"),1,0) -> 0 | K11: =IF(AND(LEFT($A11,1)="I",$G11="x"),1,0) -> 0 | L11: =IF(AND(LEFT($A11,1)="A",$G11="x"),1,0) -> 0 | M11: =IF(AND(LEFT($A11,1)="S",$G11="x"),1,0) -> 0 | N11: =IF(AND(LEFT($A11,1)="E",$G11="x"),1,0) -> 0 | O11: =IF(AND(LEFT($A11,1)="C",$G11="x"),1,0) -> 0 | P11: =IF(COUNTA(G11:H11)=2,"Pilih Satu Jawaban","")
A12: A11 | C12: 3 | D12: Mampu bermain dalam drama / berakting | H12: x | J12: =IF(AND(LEFT($A12,1)="R",$G12="x"),1,0) -> 0 | K12: =IF(AND(LEFT($A12,1)="I",$G12="x"),1,0) -> 0 | L12: =IF(AND(LEFT($A12,1)="A",$G12="x"),1,0) -> 0 | M12: =IF(AND(LEFT($A12,1)="S",$G12="x"),1,0) -> 0 | N12: =IF(AND(LEFT($A12,1)="E",$G12="x"),1,0) -> 0 | O12: =IF(AND(LEFT($A12,1)="C",$G12="x"),1,0) -> 0 | P12: =IF(COUNTA(G12:H12)=2,"Pilih Satu Jawaban","")
A13: I5 | C13: 4 | D13: Suka membaca mengenai topik-topik khusus atas keinginan sendiri | G13: x | J13: =IF(AND(LEFT($A13,1)="R",$G13="x"),1,0) -> 0 | K13: =IF(AND(LEFT($A13,1)="I",$G13="x"),1,0) -> 1 | L13: =IF(AND(LEFT($A13,1)="A",$G13="x"),1,0) -> 0 | M13: =IF(AND(LEFT($A13,1)="S",$G13="x"),1,0) -> 0 | N13: =IF(AND(LEFT($A13,1)="E",$G13="x"),1,0) -> 0 | O13: =IF(AND(LEFT($A13,1)="C",$G13="x"),1,0) -> 0 | P13: =IF(COUNTA(G13:H13)=2,"Pilih Satu Jawaban","")
A14: I7 | C14: 5 | D14: Mampu melakukan percobaan atau penelitian ilmiah | G14: x | J14: =IF(AND(LEFT($A14,1)="R",$G14="x"),1,0) -> 0 | K14: =IF(AND(LEFT($A14,1)="I",$G14="x"),1,0) -> 1 | L14: =IF(AND(LEFT($A14,1)="A",$G14="x"),1,0) -> 0 | M14: =IF(AND(LEFT($A14,1)="S",$G14="x"),1,0) -> 0 | N14: =IF(AND(LEFT($A14,1)="E",$G14="x"),1,0) -> 0 | O14: =IF(AND(LEFT($A14,1)="C",$G14="x"),1,0) -> 0 | P14: =IF(COUNTA(G14:H14)=2,"Pilih Satu Jawaban","")
A15: A15 | C15: 6 | D15: Artistik | H15: x | J15: =IF(AND(LEFT($A15,1)="R",$G15="x"),1,0) -> 0 | K15: =IF(AND(LEFT($A15,1)="I",$G15="x"),1,0) -> 0 | L15: =IF(AND(LEFT($A15,1)="A",$G15="x"),1,0) -> 0 | M15: =IF(AND(LEFT($A15,1)="S",$G15="x"),1,0) -> 0 | N15: =IF(AND(LEFT($A15,1)="E",$G15="x"),1,0) -> 0 | O15: =IF(AND(LEFT($A15,1)="C",$G15="x"),1,0) -> 0 | P15: =IF(COUNTA(G15:H15)=2,"Pilih Satu Jawaban","")
A16: I8 | C16: 7 | D16: Mampu memprogram komputer untuk mempelajari masalah ilmiah | G16: x | J16: =IF(AND(LEFT($A16,1)="R",$G16="x"),1,0) -> 0 | K16: =IF(AND(LEFT($A16,1)="I",$G16="x"),1,0) -> 1 | L16: =IF(AND(LEFT($A16,1)="A",$G16="x"),1,0) -> 0 | M16: =IF(AND(LEFT($A16,1)="S",$G16="x"),1,0) -> 0 | N16: =IF(AND(LEFT($A16,1)="E",$G16="x"),1,0) -> 0 | O16: =IF(AND(LEFT($A16,1)="C",$G16="x"),1,0) -> 0 | P16: =IF(COUNTA(G16:H16)=2,"Pilih Satu Jawaban","")
A17: R15 | C17: 8 | D17: Tertarik menjadi pengawas konstruksi bangunan | H17: x | J17: =IF(AND(LEFT($A17,1)="R",$G17="x"),1,0) -> 0 | K17: =IF(AND(LEFT($A17,1)="I",$G17="x"),1,0) -> 0 | L17: =IF(AND(LEFT($A17,1)="A",$G17="x"),1,0) -> 0 | M17: =IF(AND(LEFT($A17,1)="S",$G17="x"),1,0) -> 0 | N17: =IF(AND(LEFT($A17,1)="E",$G17="x"),1,0) -> 0 | O17: =IF(AND(LEFT($A17,1)="C",$G17="x"),1,0) -> 0 | P17: =IF(COUNTA(G17:H17)=2,"Pilih Satu Jawaban","")
A18: I15 | C18: 9 | D18: Suka dalam memecahkan soal eksak | G18: x | J18: =IF(AND(LEFT($A18,1)="R",$G18="x"),1,0) -> 0 | K18: =IF(AND(LEFT($A18,1)="I",$G18="x"),1,0) -> 1 | L18: =IF(AND(LEFT($A18,1)="A",$G18="x"),1,0) -> 0 | M18: =IF(AND(LEFT($A18,1)="S",$G18="x"),1,0) -> 0 | N18: =IF(AND(LEFT($A18,1)="E",$G18="x"),1,0) -> 0 | O18: =IF(AND(LEFT($A18,1)="C",$G18="x"),1,0) -> 0 | P18: =IF(COUNTA(G18:H18)=2,"Pilih Satu Jawaban","")
A19: C11 | C19: 10 | D19: Mampu melakukan dan menyukai tugas administratif | G19: x | J19: =IF(AND(LEFT($A19,1)="R",$G19="x"),1,0) -> 0 | K19: =IF(AND(LEFT($A19,1)="I",$G19="x"),1,0) -> 0 | L19: =IF(AND(LEFT($A19,1)="A",$G19="x"),1,0) -> 0 | M19: =IF(AND(LEFT($A19,1)="S",$G19="x"),1,0) -> 0 | N19: =IF(AND(LEFT($A19,1)="E",$G19="x"),1,0) -> 0 | O19: =IF(AND(LEFT($A19,1)="C",$G19="x"),1,0) -> 1 | P19: =IF(COUNTA(G19:H19)=2,"Pilih Satu Jawaban","")
A20: E1 | C20: 11 | D20: Bisa mempengaruhi dan membujuk orang lain | H20: x | J20: =IF(AND(LEFT($A20,1)="R",$G20="x"),1,0) -> 0 | K20: =IF(AND(LEFT($A20,1)="I",$G20="x"),1,0) -> 0 | L20: =IF(AND(LEFT($A20,1)="A",$G20="x"),1,0) -> 0 | M20: =IF(AND(LEFT($A20,1)="S",$G20="x"),1,0) -> 0 | N20: =IF(AND(LEFT($A20,1)="E",$G20="x"),1,0) -> 0 | O20: =IF(AND(LEFT($A20,1)="C",$G20="x"),1,0) -> 0 | P20: =IF(COUNTA(G20:H20)=2,"Pilih Satu Jawaban","")
A21: C9 | C21: 12 | D21: Prosedural (Mengikuti aturan) | G21: x | J21: =IF(AND(LEFT($A21,1)="R",$G21="x"),1,0) -> 0 | K21: =IF(AND(LEFT($A21,1)="I",$G21="x"),1,0) -> 0 | L21: =IF(AND(LEFT($A21,1)="A",$G21="x"),1,0) -> 0 | M21: =IF(AND(LEFT($A21,1)="S",$G21="x"),1,0) -> 0 | N21: =IF(AND(LEFT($A21,1)="E",$G21="x"),1,0) -> 0 | O21: =IF(AND(LEFT($A21,1)="C",$G21="x"),1,0) -> 1 | P21: =IF(COUNTA(G21:H21)=2,"Pilih Satu Jawaban","")
A22: C10 | C22: 13 | D22: Suka menggunakan aplikasi pencatatan keuangan | G22: x | J22: =IF(AND(LEFT($A22,1)="R",$G22="x"),1,0) -> 0 | K22: =IF(AND(LEFT($A22,1)="I",$G22="x"),1,0) -> 0 | L22: =IF(AND(LEFT($A22,1)="A",$G22="x"),1,0) -> 0 | M22: =IF(AND(LEFT($A22,1)="S",$G22="x"),1,0) -> 0 | N22: =IF(AND(LEFT($A22,1)="E",$G22="x"),1,0) -> 0 | O22: =IF(AND(LEFT($A22,1)="C",$G22="x"),1,0) -> 1 | P22: =IF(COUNTA(G22:H22)=2,"Pilih Satu Jawaban","")
A23: R2 | C23: 14 | D23: Suka memperbaiki motor | H23: x | J23: =IF(AND(LEFT($A23,1)="R",$G23="x"),1,0) -> 0 | K23: =IF(AND(LEFT($A23,1)="I",$G23="x"),1,0) -> 0 | L23: =IF(AND(LEFT($A23,1)="A",$G23="x"),1,0) -> 0 | M23: =IF(AND(LEFT($A23,1)="S",$G23="x"),1,0) -> 0 | N23: =IF(AND(LEFT($A23,1)="E",$G23="x"),1,0) -> 0 | O23: =IF(AND(LEFT($A23,1)="C",$G23="x"),1,0) -> 0 | P23: =IF(COUNTA(G23:H23)=2,"Pilih Satu Jawaban","")
A24: A18 | C24: 15 | D24: Bisa mengekspresikan diri secara kreatif | H24: x | J24: =IF(AND(LEFT($A24,1)="R",$G24="x"),1,0) -> 0 | K24: =IF(AND(LEFT($A24,1)="I",$G24="x"),1,0) -> 0 | L24: =IF(AND(LEFT($A24,1)="A",$G24="x"),1,0) -> 0 | M24: =IF(AND(LEFT($A24,1)="S",$G24="x"),1,0) -> 0 | N24: =IF(AND(LEFT($A24,1)="E",$G24="x"),1,0) -> 0 | O24: =IF(AND(LEFT($A24,1)="C",$G24="x"),1,0) -> 0 | P24: =IF(COUNTA(G24:H24)=2,"Pilih Satu Jawaban","")
A25: C17 | C25: 16 | D25: Ingin bekerja dibagian Staff keuangan | G25: x | J25: =IF(AND(LEFT($A25,1)="R",$G25="x"),1,0) -> 0 | K25: =IF(AND(LEFT($A25,1)="I",$G25="x"),1,0) -> 0 | L25: =IF(AND(LEFT($A25,1)="A",$G25="x"),1,0) -> 0 | M25: =IF(AND(LEFT($A25,1)="S",$G25="x"),1,0) -> 0 | N25: =IF(AND(LEFT($A25,1)="E",$G25="x"),1,0) -> 0 | O25: =IF(AND(LEFT($A25,1)="C",$G25="x"),1,0) -> 1 | P25: =IF(COUNTA(G25:H25)=2,"Pilih Satu Jawaban","")
A26: I11 | C26: 17 | D26: Mampu menyebutkan makanan yang memiliki protein tinggi | H26: x | J26: =IF(AND(LEFT($A26,1)="R",$G26="x"),1,0) -> 0 | K26: =IF(AND(LEFT($A26,1)="I",$G26="x"),1,0) -> 0 | L26: =IF(AND(LEFT($A26,1)="A",$G26="x"),1,0) -> 0 | M26: =IF(AND(LEFT($A26,1)="S",$G26="x"),1,0) -> 0 | N26: =IF(AND(LEFT($A26,1)="E",$G26="x"),1,0) -> 0 | O26: =IF(AND(LEFT($A26,1)="C",$G26="x"),1,0) -> 0 | P26: =IF(COUNTA(G26:H26)=2,"Pilih Satu Jawaban","")
A27: S12 | C27: 18 | D27: Suka melakukan pekerjaan social | H27: x | J27: =IF(AND(LEFT($A27,1)="R",$G27="x"),1,0) -> 0 | K27: =IF(AND(LEFT($A27,1)="I",$G27="x"),1,0) -> 0 | L27: =IF(AND(LEFT($A27,1)="A",$G27="x"),1,0) -> 0 | M27: =IF(AND(LEFT($A27,1)="S",$G27="x"),1,0) -> 0 | N27: =IF(AND(LEFT($A27,1)="E",$G27="x"),1,0) -> 0 | O27: =IF(AND(LEFT($A27,1)="C",$G27="x"),1,0) -> 0 | P27: =IF(COUNTA(G27:H27)=2,"Pilih Satu Jawaban","")
A28: E7 | C28: 19 | D28: Mampu mengetahui bagaimana menjadi pemimpin yang baik/ berhasil | H28: x | J28: =IF(AND(LEFT($A28,1)="R",$G28="x"),1,0) -> 0 | K28: =IF(AND(LEFT($A28,1)="I",$G28="x"),1,0) -> 0 | L28: =IF(AND(LEFT($A28,1)="A",$G28="x"),1,0) -> 0 | M28: =IF(AND(LEFT($A28,1)="S",$G28="x"),1,0) -> 0 | N28: =IF(AND(LEFT($A28,1)="E",$G28="x"),1,0) -> 0 | O28: =IF(AND(LEFT($A28,1)="C",$G28="x"),1,0) -> 0 | P28: =IF(COUNTA(G28:H28)=2,"Pilih Satu Jawaban","")
A29: R14 | C29: 20 | D29: Tidak suka menyatakan perasaan | G29: x | J29: =IF(AND(LEFT($A29,1)="R",$G29="x"),1,0) -> 1 | K29: =IF(AND(LEFT($A29,1)="I",$G29="x"),1,0) -> 0 | L29: =IF(AND(LEFT($A29,1)="A",$G29="x"),1,0) -> 0 | M29: =IF(AND(LEFT($A29,1)="S",$G29="x"),1,0) -> 0 | N29: =IF(AND(LEFT($A29,1)="E",$G29="x"),1,0) -> 0 | O29: =IF(AND(LEFT($A29,1)="C",$G29="x"),1,0) -> 0 | P29: =IF(COUNTA(G29:H29)=2,"Pilih Satu Jawaban","")
A30: E17 | C30: 21 | D30: Percaya diri | H30: x | J30: =IF(AND(LEFT($A30,1)="R",$G30="x"),1,0) -> 0 | K30: =IF(AND(LEFT($A30,1)="I",$G30="x"),1,0) -> 0 | L30: =IF(AND(LEFT($A30,1)="A",$G30="x"),1,0) -> 0 | M30: =IF(AND(LEFT($A30,1)="S",$G30="x"),1,0) -> 0 | N30: =IF(AND(LEFT($A30,1)="E",$G30="x"),1,0) -> 0 | O30: =IF(AND(LEFT($A30,1)="C",$G30="x"),1,0) -> 0 | P30: =IF(COUNTA(G30:H30)=2,"Pilih Satu Jawaban","")
A31: I6 | C31: 22 | D31: Suka menerapkan matematika dalam masalah praktis | G31: x | J31: =IF(AND(LEFT($A31,1)="R",$G31="x"),1,0) -> 0 | K31: =IF(AND(LEFT($A31,1)="I",$G31="x"),1,0) -> 1 | L31: =IF(AND(LEFT($A31,1)="A",$G31="x"),1,0) -> 0 | M31: =IF(AND(LEFT($A31,1)="S",$G31="x"),1,0) -> 0 | N31: =IF(AND(LEFT($A31,1)="E",$G31="x"),1,0) -> 0 | O31: =IF(AND(LEFT($A31,1)="C",$G31="x"),1,0) -> 0 | P31: =IF(COUNTA(G31:H31)=2,"Pilih Satu Jawaban","")
A32: A4 | C32: 23 | D32: Emosional | H32: x | J32: =IF(AND(LEFT($A32,1)="R",$G32="x"),1,0) -> 0 | K32: =IF(AND(LEFT($A32,1)="I",$G32="x"),1,0) -> 0 | L32: =IF(AND(LEFT($A32,1)="A",$G32="x"),1,0) -> 0 | M32: =IF(AND(LEFT($A32,1)="S",$G32="x"),1,0) -> 0 | N32: =IF(AND(LEFT($A32,1)="E",$G32="x"),1,0) -> 0 | O32: =IF(AND(LEFT($A32,1)="C",$G32="x"),1,0) -> 0 | P32: =IF(COUNTA(G32:H32)=2,"Pilih Satu Jawaban","")
A33: R3 | C33: 24 | D33: Menyukai memperbaiki peralatan mekanik | H33: x | J33: =IF(AND(LEFT($A33,1)="R",$G33="x"),1,0) -> 0 | K33: =IF(AND(LEFT($A33,1)="I",$G33="x"),1,0) -> 0 | L33: =IF(AND(LEFT($A33,1)="A",$G33="x"),1,0) -> 0 | M33: =IF(AND(LEFT($A33,1)="S",$G33="x"),1,0) -> 0 | N33: =IF(AND(LEFT($A33,1)="E",$G33="x"),1,0) -> 0 | O33: =IF(AND(LEFT($A33,1)="C",$G33="x"),1,0) -> 0 | P33: =IF(COUNTA(G33:H33)=2,"Pilih Satu Jawaban","")
A34: S13 | C34: 25 | D34: Mampu menghibur dan menemani orang yang lebih tua dari saya | H34: x | J34: =IF(AND(LEFT($A34,1)="R",$G34="x"),1,0) -> 0 | K34: =IF(AND(LEFT($A34,1)="I",$G34="x"),1,0) -> 0 | L34: =IF(AND(LEFT($A34,1)="A",$G34="x"),1,0) -> 0 | M34: =IF(AND(LEFT($A34,1)="S",$G34="x"),1,0) -> 0 | N34: =IF(AND(LEFT($A34,1)="E",$G34="x"),1,0) -> 0 | O34: =IF(AND(LEFT($A34,1)="C",$G34="x"),1,0) -> 0 | P34: =IF(COUNTA(G34:H34)=2,"Pilih Satu Jawaban","")
A35: E11 | C35: 26 | D35: Senang memulai proyek baru | H35: x | J35: =IF(AND(LEFT($A35,1)="R",$G35="x"),1,0) -> 0 | K35: =IF(AND(LEFT($A35,1)="I",$G35="x"),1,0) -> 0 | L35: =IF(AND(LEFT($A35,1)="A",$G35="x"),1,0) -> 0 | M35: =IF(AND(LEFT($A35,1)="S",$G35="x"),1,0) -> 0 | N35: =IF(AND(LEFT($A35,1)="E",$G35="x"),1,0) -> 0 | O35: =IF(AND(LEFT($A35,1)="C",$G35="x"),1,0) -> 0 | P35: =IF(COUNTA(G35:H35)=2,"Pilih Satu Jawaban","")
A36: I10 | C36: 27 | D36: Suka kegiatan akademis | G36: x | J36: =IF(AND(LEFT($A36,1)="R",$G36="x"),1,0) -> 0 | K36: =IF(AND(LEFT($A36,1)="I",$G36="x"),1,0) -> 1 | L36: =IF(AND(LEFT($A36,1)="A",$G36="x"),1,0) -> 0 | M36: =IF(AND(LEFT($A36,1)="S",$G36="x"),1,0) -> 0 | N36: =IF(AND(LEFT($A36,1)="E",$G36="x"),1,0) -> 0 | O36: =IF(AND(LEFT($A36,1)="C",$G36="x"),1,0) -> 0 | P36: =IF(COUNTA(G36:H36)=2,"Pilih Satu Jawaban","")
A37: S2 | C37: 28 | D37: Ramah | H37: x | J37: =IF(AND(LEFT($A37,1)="R",$G37="x"),1,0) -> 0 | K37: =IF(AND(LEFT($A37,1)="I",$G37="x"),1,0) -> 0 | L37: =IF(AND(LEFT($A37,1)="A",$G37="x"),1,0) -> 0 | M37: =IF(AND(LEFT($A37,1)="S",$G37="x"),1,0) -> 0 | N37: =IF(AND(LEFT($A37,1)="E",$G37="x"),1,0) -> 0 | O37: =IF(AND(LEFT($A37,1)="C",$G37="x"),1,0) -> 0 | P37: =IF(COUNTA(G37:H37)=2,"Pilih Satu Jawaban","")
A38: C16 | C38: 29 | D38: Efisien dan Terstruktur | G38: x | J38: =IF(AND(LEFT($A38,1)="R",$G38="x"),1,0) -> 0 | K38: =IF(AND(LEFT($A38,1)="I",$G38="x"),1,0) -> 0 | L38: =IF(AND(LEFT($A38,1)="A",$G38="x"),1,0) -> 0 | M38: =IF(AND(LEFT($A38,1)="S",$G38="x"),1,0) -> 0 | N38: =IF(AND(LEFT($A38,1)="E",$G38="x"),1,0) -> 0 | O38: =IF(AND(LEFT($A38,1)="C",$G38="x"),1,0) -> 1 | P38: =IF(COUNTA(G38:H38)=2,"Pilih Satu Jawaban","")
A39: R4 | C39: 30 | D39: Suka menggunakan perkakas bengkel dan mesin | H39: x | J39: =IF(AND(LEFT($A39,1)="R",$G39="x"),1,0) -> 0 | K39: =IF(AND(LEFT($A39,1)="I",$G39="x"),1,0) -> 0 | L39: =IF(AND(LEFT($A39,1)="A",$G39="x"),1,0) -> 0 | M39: =IF(AND(LEFT($A39,1)="S",$G39="x"),1,0) -> 0 | N39: =IF(AND(LEFT($A39,1)="E",$G39="x"),1,0) -> 0 | O39: =IF(AND(LEFT($A39,1)="C",$G39="x"),1,0) -> 0 | P39: =IF(COUNTA(G39:H39)=2,"Pilih Satu Jawaban","")
A40: S4 | C40: 31 | D40: Suka menjaga / mengurus mengawasi anak-anak | H40: x | J40: =IF(AND(LEFT($A40,1)="R",$G40="x"),1,0) -> 0 | K40: =IF(AND(LEFT($A40,1)="I",$G40="x"),1,0) -> 0 | L40: =IF(AND(LEFT($A40,1)="A",$G40="x"),1,0) -> 0 | M40: =IF(AND(LEFT($A40,1)="S",$G40="x"),1,0) -> 0 | N40: =IF(AND(LEFT($A40,1)="E",$G40="x"),1,0) -> 0 | O40: =IF(AND(LEFT($A40,1)="C",$G40="x"),1,0) -> 0 | P40: =IF(COUNTA(G40:H40)=2,"Pilih Satu Jawaban","")
A41: I2 | C41: 32 | D41: Senang menganalisa dan mengevaluasi | G41: x | J41: =IF(AND(LEFT($A41,1)="R",$G41="x"),1,0) -> 0 | K41: =IF(AND(LEFT($A41,1)="I",$G41="x"),1,0) -> 1 | L41: =IF(AND(LEFT($A41,1)="A",$G41="x"),1,0) -> 0 | M41: =IF(AND(LEFT($A41,1)="S",$G41="x"),1,0) -> 0 | N41: =IF(AND(LEFT($A41,1)="E",$G41="x"),1,0) -> 0 | O41: =IF(AND(LEFT($A41,1)="C",$G41="x"),1,0) -> 0 | P41: =IF(COUNTA(G41:H41)=2,"Pilih Satu Jawaban","")
A42: R7 | C42: 33 | D42: Senang melatih binatang | H42: x | J42: =IF(AND(LEFT($A42,1)="R",$G42="x"),1,0) -> 0 | K42: =IF(AND(LEFT($A42,1)="I",$G42="x"),1,0) -> 0 | L42: =IF(AND(LEFT($A42,1)="A",$G42="x"),1,0) -> 0 | M42: =IF(AND(LEFT($A42,1)="S",$G42="x"),1,0) -> 0 | N42: =IF(AND(LEFT($A42,1)="E",$G42="x"),1,0) -> 0 | O42: =IF(AND(LEFT($A42,1)="C",$G42="x"),1,0) -> 0 | P42: =IF(COUNTA(G42:H42)=2,"Pilih Satu Jawaban","")
A43: A17 | C43: 34 | D43: Tertarik menjadi aktor/ aktris | H43: x | J43: =IF(AND(LEFT($A43,1)="R",$G43="x"),1,0) -> 0 | K43: =IF(AND(LEFT($A43,1)="I",$G43="x"),1,0) -> 0 | L43: =IF(AND(LEFT($A43,1)="A",$G43="x"),1,0) -> 0 | M43: =IF(AND(LEFT($A43,1)="S",$G43="x"),1,0) -> 0 | N43: =IF(AND(LEFT($A43,1)="E",$G43="x"),1,0) -> 0 | O43: =IF(AND(LEFT($A43,1)="C",$G43="x"),1,0) -> 0 | P43: =IF(COUNTA(G43:H43)=2,"Pilih Satu Jawaban","")
A44: A10 | C44: 35 | D44: Mampu memainkan alat musik | G44: x | J44: =IF(AND(LEFT($A44,1)="R",$G44="x"),1,0) -> 0 | K44: =IF(AND(LEFT($A44,1)="I",$G44="x"),1,0) -> 0 | L44: =IF(AND(LEFT($A44,1)="A",$G44="x"),1,0) -> 1 | M44: =IF(AND(LEFT($A44,1)="S",$G44="x"),1,0) -> 0 | N44: =IF(AND(LEFT($A44,1)="E",$G44="x"),1,0) -> 0 | O44: =IF(AND(LEFT($A44,1)="C",$G44="x"),1,0) -> 0 | P44: =IF(COUNTA(G44:H44)=2,"Pilih Satu Jawaban","")
A45: S16 | C45: 36 | D45: Tertarik menjadi konselor masalah pribadi | H45: x | J45: =IF(AND(LEFT($A45,1)="R",$G45="x"),1,0) -> 0 | K45: =IF(AND(LEFT($A45,1)="I",$G45="x"),1,0) -> 0 | L45: =IF(AND(LEFT($A45,1)="A",$G45="x"),1,0) -> 0 | M45: =IF(AND(LEFT($A45,1)="S",$G45="x"),1,0) -> 0 | N45: =IF(AND(LEFT($A45,1)="E",$G45="x"),1,0) -> 0 | O45: =IF(AND(LEFT($A45,1)="C",$G45="x"),1,0) -> 0 | P45: =IF(COUNTA(G45:H45)=2,"Pilih Satu Jawaban","")
A46: A2 | C46: 37 | D46: Ingin menjadi pemain dalam kelompok musik | H46: x | J46: =IF(AND(LEFT($A46,1)="R",$G46="x"),1,0) -> 0 | K46: =IF(AND(LEFT($A46,1)="I",$G46="x"),1,0) -> 0 | L46: =IF(AND(LEFT($A46,1)="A",$G46="x"),1,0) -> 0 | M46: =IF(AND(LEFT($A46,1)="S",$G46="x"),1,0) -> 0 | N46: =IF(AND(LEFT($A46,1)="E",$G46="x"),1,0) -> 0 | O46: =IF(AND(LEFT($A46,1)="C",$G46="x"),1,0) -> 0 | P46: =IF(COUNTA(G46:H46)=2,"Pilih Satu Jawaban","")
A47: I12 | C47: 38 | D47: Tertarik menjadi ahli biologi/ hayati | H47: x | J47: =IF(AND(LEFT($A47,1)="R",$G47="x"),1,0) -> 0 | K47: =IF(AND(LEFT($A47,1)="I",$G47="x"),1,0) -> 0 | L47: =IF(AND(LEFT($A47,1)="A",$G47="x"),1,0) -> 0 | M47: =IF(AND(LEFT($A47,1)="S",$G47="x"),1,0) -> 0 | N47: =IF(AND(LEFT($A47,1)="E",$G47="x"),1,0) -> 0 | O47: =IF(AND(LEFT($A47,1)="C",$G47="x"),1,0) -> 0 | P47: =IF(COUNTA(G47:H47)=2,"Pilih Satu Jawaban","")
A48: S17 | C48: 39 | D48: Tertarik menjadi pekerja sosial | H48: x | J48: =IF(AND(LEFT($A48,1)="R",$G48="x"),1,0) -> 0 | K48: =IF(AND(LEFT($A48,1)="I",$G48="x"),1,0) -> 0 | L48: =IF(AND(LEFT($A48,1)="A",$G48="x"),1,0) -> 0 | M48: =IF(AND(LEFT($A48,1)="S",$G48="x"),1,0) -> 0 | N48: =IF(AND(LEFT($A48,1)="E",$G48="x"),1,0) -> 0 | O48: =IF(AND(LEFT($A48,1)="C",$G48="x"),1,0) -> 0 | P48: =IF(COUNTA(G48:H48)=2,"Pilih Satu Jawaban","")
A49: E3 | C49: 40 | D49: Energetik | H49: x | J49: =IF(AND(LEFT($A49,1)="R",$G49="x"),1,0) -> 0 | K49: =IF(AND(LEFT($A49,1)="I",$G49="x"),1,0) -> 0 | L49: =IF(AND(LEFT($A49,1)="A",$G49="x"),1,0) -> 0 | M49: =IF(AND(LEFT($A49,1)="S",$G49="x"),1,0) -> 0 | N49: =IF(AND(LEFT($A49,1)="E",$G49="x"),1,0) -> 0 | O49: =IF(AND(LEFT($A49,1)="C",$G49="x"),1,0) -> 0 | P49: =IF(COUNTA(G49:H49)=2,"Pilih Satu Jawaban","")
A50: S8 | C50: 41 | D50: Suka bekerja dalam kelompok | H50: x | J50: =IF(AND(LEFT($A50,1)="R",$G50="x"),1,0) -> 0 | K50: =IF(AND(LEFT($A50,1)="I",$G50="x"),1,0) -> 0 | L50: =IF(AND(LEFT($A50,1)="A",$G50="x"),1,0) -> 0 | M50: =IF(AND(LEFT($A50,1)="S",$G50="x"),1,0) -> 0 | N50: =IF(AND(LEFT($A50,1)="E",$G50="x"),1,0) -> 0 | O50: =IF(AND(LEFT($A50,1)="C",$G50="x"),1,0) -> 0 | P50: =IF(COUNTA(G50:H50)=2,"Pilih Satu Jawaban","")
A51: I1 | C51: 42 | D51: Suka membaca buku/ majalah ilmiah | H51: x | J51: =IF(AND(LEFT($A51,1)="R",$G51="x"),1,0) -> 0 | K51: =IF(AND(LEFT($A51,1)="I",$G51="x"),1,0) -> 0 | L51: =IF(AND(LEFT($A51,1)="A",$G51="x"),1,0) -> 0 | M51: =IF(AND(LEFT($A51,1)="S",$G51="x"),1,0) -> 0 | N51: =IF(AND(LEFT($A51,1)="E",$G51="x"),1,0) -> 0 | O51: =IF(AND(LEFT($A51,1)="C",$G51="x"),1,0) -> 0 | P51: =IF(COUNTA(G51:H51)=2,"Pilih Satu Jawaban","")
A52: R11 | C52: 43 | D52: Suka mengutak-atik mesin/alat elektronik | G52: x | J52: =IF(AND(LEFT($A52,1)="R",$G52="x"),1,0) -> 1 | K52: =IF(AND(LEFT($A52,1)="I",$G52="x"),1,0) -> 0 | L52: =IF(AND(LEFT($A52,1)="A",$G52="x"),1,0) -> 0 | M52: =IF(AND(LEFT($A52,1)="S",$G52="x"),1,0) -> 0 | N52: =IF(AND(LEFT($A52,1)="E",$G52="x"),1,0) -> 0 | O52: =IF(AND(LEFT($A52,1)="C",$G52="x"),1,0) -> 0 | P52: =IF(COUNTA(G52:H52)=2,"Pilih Satu Jawaban","")
A53: R12 | C53: 44 | D53: Suka kegiatan di luar ruangan | H53: x | J53: =IF(AND(LEFT($A53,1)="R",$G53="x"),1,0) -> 0 | K53: =IF(AND(LEFT($A53,1)="I",$G53="x"),1,0) -> 0 | L53: =IF(AND(LEFT($A53,1)="A",$G53="x"),1,0) -> 0 | M53: =IF(AND(LEFT($A53,1)="S",$G53="x"),1,0) -> 0 | N53: =IF(AND(LEFT($A53,1)="E",$G53="x"),1,0) -> 0 | O53: =IF(AND(LEFT($A53,1)="C",$G53="x"),1,0) -> 0 | P53: =IF(COUNTA(G53:H53)=2,"Pilih Satu Jawaban","")
A54: A16 | C54: 45 | D54: Senang memotret atau videographer | H54: x | J54: =IF(AND(LEFT($A54,1)="R",$G54="x"),1,0) -> 0 | K54: =IF(AND(LEFT($A54,1)="I",$G54="x"),1,0) -> 0 | L54: =IF(AND(LEFT($A54,1)="A",$G54="x"),1,0) -> 0 | M54: =IF(AND(LEFT($A54,1)="S",$G54="x"),1,0) -> 0 | N54: =IF(AND(LEFT($A54,1)="E",$G54="x"),1,0) -> 0 | O54: =IF(AND(LEFT($A54,1)="C",$G54="x"),1,0) -> 0 | P54: =IF(COUNTA(G54:H54)=2,"Pilih Satu Jawaban","")
A55: A7 | C55: 46 | D55: Suka membuat lukisan/ foto orang | H55: x | J55: =IF(AND(LEFT($A55,1)="R",$G55="x"),1,0) -> 0 | K55: =IF(AND(LEFT($A55,1)="I",$G55="x"),1,0) -> 0 | L55: =IF(AND(LEFT($A55,1)="A",$G55="x"),1,0) -> 0 | M55: =IF(AND(LEFT($A55,1)="S",$G55="x"),1,0) -> 0 | N55: =IF(AND(LEFT($A55,1)="E",$G55="x"),1,0) -> 0 | O55: =IF(AND(LEFT($A55,1)="C",$G55="x"),1,0) -> 0 | P55: =IF(COUNTA(G55:H55)=2,"Pilih Satu Jawaban","")
A56: A13 | C56: 47 | D56: Senang bekerja di situasi yang bebas | G56: x | J56: =IF(AND(LEFT($A56,1)="R",$G56="x"),1,0) -> 0 | K56: =IF(AND(LEFT($A56,1)="I",$G56="x"),1,0) -> 0 | L56: =IF(AND(LEFT($A56,1)="A",$G56="x"),1,0) -> 1 | M56: =IF(AND(LEFT($A56,1)="S",$G56="x"),1,0) -> 0 | N56: =IF(AND(LEFT($A56,1)="E",$G56="x"),1,0) -> 0 | O56: =IF(AND(LEFT($A56,1)="C",$G56="x"),1,0) -> 0 | P56: =IF(COUNTA(G56:H56)=2,"Pilih Satu Jawaban","")
A57: C12 | C57: 48 | D57: Membuat Hari Saya Terstruktur | G57: x | J57: =IF(AND(LEFT($A57,1)="R",$G57="x"),1,0) -> 0 | K57: =IF(AND(LEFT($A57,1)="I",$G57="x"),1,0) -> 0 | L57: =IF(AND(LEFT($A57,1)="A",$G57="x"),1,0) -> 0 | M57: =IF(AND(LEFT($A57,1)="S",$G57="x"),1,0) -> 0 | N57: =IF(AND(LEFT($A57,1)="E",$G57="x"),1,0) -> 0 | O57: =IF(AND(LEFT($A57,1)="C",$G57="x"),1,0) -> 1 | P57: =IF(COUNTA(G57:H57)=2,"Pilih Satu Jawaban","")
A58: S14 | C58: 49 | D58: Mampu menarik perhatian orang untuk menceritakan masalah mereka | H58: x | J58: =IF(AND(LEFT($A58,1)="R",$G58="x"),1,0) -> 0 | K58: =IF(AND(LEFT($A58,1)="I",$G58="x"),1,0) -> 0 | L58: =IF(AND(LEFT($A58,1)="A",$G58="x"),1,0) -> 0 | M58: =IF(AND(LEFT($A58,1)="S",$G58="x"),1,0) -> 0 | N58: =IF(AND(LEFT($A58,1)="E",$G58="x"),1,0) -> 0 | O58: =IF(AND(LEFT($A58,1)="C",$G58="x"),1,0) -> 0 | P58: =IF(COUNTA(G58:H58)=2,"Pilih Satu Jawaban","")
A59: C14 | C59: 50 | D59: Memperhatikan Detailnya | G59: x | J59: =IF(AND(LEFT($A59,1)="R",$G59="x"),1,0) -> 0 | K59: =IF(AND(LEFT($A59,1)="I",$G59="x"),1,0) -> 0 | L59: =IF(AND(LEFT($A59,1)="A",$G59="x"),1,0) -> 0 | M59: =IF(AND(LEFT($A59,1)="S",$G59="x"),1,0) -> 0 | N59: =IF(AND(LEFT($A59,1)="E",$G59="x"),1,0) -> 0 | O59: =IF(AND(LEFT($A59,1)="C",$G59="x"),1,0) -> 1 | P59: =IF(COUNTA(G59:H59)=2,"Pilih Satu Jawaban","")
A60: C15 | C60: 51 | D60: Sering diminta mengumpulkan data | G60: x | J60: =IF(AND(LEFT($A60,1)="R",$G60="x"),1,0) -> 0 | K60: =IF(AND(LEFT($A60,1)="I",$G60="x"),1,0) -> 0 | L60: =IF(AND(LEFT($A60,1)="A",$G60="x"),1,0) -> 0 | M60: =IF(AND(LEFT($A60,1)="S",$G60="x"),1,0) -> 0 | N60: =IF(AND(LEFT($A60,1)="E",$G60="x"),1,0) -> 0 | O60: =IF(AND(LEFT($A60,1)="C",$G60="x"),1,0) -> 1 | P60: =IF(COUNTA(G60:H60)=2,"Pilih Satu Jawaban","")
A61: A1 | C61: 52 | D61: Suka membuat sketsa, Mendesign atau melukis | H61: x | J61: =IF(AND(LEFT($A61,1)="R",$G61="x"),1,0) -> 0 | K61: =IF(AND(LEFT($A61,1)="I",$G61="x"),1,0) -> 0 | L61: =IF(AND(LEFT($A61,1)="A",$G61="x"),1,0) -> 0 | M61: =IF(AND(LEFT($A61,1)="S",$G61="x"),1,0) -> 0 | N61: =IF(AND(LEFT($A61,1)="E",$G61="x"),1,0) -> 0 | O61: =IF(AND(LEFT($A61,1)="C",$G61="x"),1,0) -> 0 | P61: =IF(COUNTA(G61:H61)=2,"Pilih Satu Jawaban","")
A62: S11 | C62: 53 | D62: Mampu mengajar orang dewasa dengan mudah | H62: x | J62: =IF(AND(LEFT($A62,1)="R",$G62="x"),1,0) -> 0 | K62: =IF(AND(LEFT($A62,1)="I",$G62="x"),1,0) -> 0 | L62: =IF(AND(LEFT($A62,1)="A",$G62="x"),1,0) -> 0 | M62: =IF(AND(LEFT($A62,1)="S",$G62="x"),1,0) -> 0 | N62: =IF(AND(LEFT($A62,1)="E",$G62="x"),1,0) -> 0 | O62: =IF(AND(LEFT($A62,1)="C",$G62="x"),1,0) -> 0 | P62: =IF(COUNTA(G62:H62)=2,"Pilih Satu Jawaban","")
A63: S9 | C63: 54 | D63: Antusias berparisipasi dalam pencarian dana/ amal | H63: x | J63: =IF(AND(LEFT($A63,1)="R",$G63="x"),1,0) -> 0 | K63: =IF(AND(LEFT($A63,1)="I",$G63="x"),1,0) -> 0 | L63: =IF(AND(LEFT($A63,1)="A",$G63="x"),1,0) -> 0 | M63: =IF(AND(LEFT($A63,1)="S",$G63="x"),1,0) -> 0 | N63: =IF(AND(LEFT($A63,1)="E",$G63="x"),1,0) -> 0 | O63: =IF(AND(LEFT($A63,1)="C",$G63="x"),1,0) -> 0 | P63: =IF(COUNTA(G63:H63)=2,"Pilih Satu Jawaban","")
A64: S6 | C64: 55 | D64: Mampu mudah berbicara dengan semua orang | H64: x | J64: =IF(AND(LEFT($A64,1)="R",$G64="x"),1,0) -> 0 | K64: =IF(AND(LEFT($A64,1)="I",$G64="x"),1,0) -> 0 | L64: =IF(AND(LEFT($A64,1)="A",$G64="x"),1,0) -> 0 | M64: =IF(AND(LEFT($A64,1)="S",$G64="x"),1,0) -> 0 | N64: =IF(AND(LEFT($A64,1)="E",$G64="x"),1,0) -> 0 | O64: =IF(AND(LEFT($A64,1)="C",$G64="x"),1,0) -> 0 | P64: =IF(COUNTA(G64:H64)=2,"Pilih Satu Jawaban","")
A65: I4 | C65: 56 | D65: Suka mempelajari teori ilmiah | G65: x | J65: =IF(AND(LEFT($A65,1)="R",$G65="x"),1,0) -> 0 | K65: =IF(AND(LEFT($A65,1)="I",$G65="x"),1,0) -> 1 | L65: =IF(AND(LEFT($A65,1)="A",$G65="x"),1,0) -> 0 | M65: =IF(AND(LEFT($A65,1)="S",$G65="x"),1,0) -> 0 | N65: =IF(AND(LEFT($A65,1)="E",$G65="x"),1,0) -> 0 | O65: =IF(AND(LEFT($A65,1)="C",$G65="x"),1,0) -> 0 | P65: =IF(COUNTA(G65:H65)=2,"Pilih Satu Jawaban","")
A66: I18 | C66: 57 | D66: Tertarik menjadi pekerja riset ilmiah | H66: x | J66: =IF(AND(LEFT($A66,1)="R",$G66="x"),1,0) -> 0 | K66: =IF(AND(LEFT($A66,1)="I",$G66="x"),1,0) -> 0 | L66: =IF(AND(LEFT($A66,1)="A",$G66="x"),1,0) -> 0 | M66: =IF(AND(LEFT($A66,1)="S",$G66="x"),1,0) -> 0 | N66: =IF(AND(LEFT($A66,1)="E",$G66="x"),1,0) -> 0 | O66: =IF(AND(LEFT($A66,1)="C",$G66="x"),1,0) -> 0 | P66: =IF(COUNTA(G66:H66)=2,"Pilih Satu Jawaban","")
A67: E13 | C67: 58 | D67: Mampu mengatur pekerjaan orang lain | H67: x | J67: =IF(AND(LEFT($A67,1)="R",$G67="x"),1,0) -> 0 | K67: =IF(AND(LEFT($A67,1)="I",$G67="x"),1,0) -> 0 | L67: =IF(AND(LEFT($A67,1)="A",$G67="x"),1,0) -> 0 | M67: =IF(AND(LEFT($A67,1)="S",$G67="x"),1,0) -> 0 | N67: =IF(AND(LEFT($A67,1)="E",$G67="x"),1,0) -> 0 | O67: =IF(AND(LEFT($A67,1)="C",$G67="x"),1,0) -> 0 | P67: =IF(COUNTA(G67:H67)=2,"Pilih Satu Jawaban","")
A68: R10 | C68: 59 | D68: Bisa menguasai diri | H68: x | J68: =IF(AND(LEFT($A68,1)="R",$G68="x"),1,0) -> 0 | K68: =IF(AND(LEFT($A68,1)="I",$G68="x"),1,0) -> 0 | L68: =IF(AND(LEFT($A68,1)="A",$G68="x"),1,0) -> 0 | M68: =IF(AND(LEFT($A68,1)="S",$G68="x"),1,0) -> 0 | N68: =IF(AND(LEFT($A68,1)="E",$G68="x"),1,0) -> 0 | O68: =IF(AND(LEFT($A68,1)="C",$G68="x"),1,0) -> 0 | P68: =IF(COUNTA(G68:H68)=2,"Pilih Satu Jawaban","")
A69: E10 | C69: 60 | D69: Mampu membuat kelompok sosial/ kerja berjalan dengan baik | H69: x | J69: =IF(AND(LEFT($A69,1)="R",$G69="x"),1,0) -> 0 | K69: =IF(AND(LEFT($A69,1)="I",$G69="x"),1,0) -> 0 | L69: =IF(AND(LEFT($A69,1)="A",$G69="x"),1,0) -> 0 | M69: =IF(AND(LEFT($A69,1)="S",$G69="x"),1,0) -> 0 | N69: =IF(AND(LEFT($A69,1)="E",$G69="x"),1,0) -> 0 | O69: =IF(AND(LEFT($A69,1)="C",$G69="x"),1,0) -> 0 | P69: =IF(COUNTA(G69:H69)=2,"Pilih Satu Jawaban","")
A70: R17 | C70: 61 | D70: Tertarik menjadi insinyur otomotif | H70: x | J70: =IF(AND(LEFT($A70,1)="R",$G70="x"),1,0) -> 0 | K70: =IF(AND(LEFT($A70,1)="I",$G70="x"),1,0) -> 0 | L70: =IF(AND(LEFT($A70,1)="A",$G70="x"),1,0) -> 0 | M70: =IF(AND(LEFT($A70,1)="S",$G70="x"),1,0) -> 0 | N70: =IF(AND(LEFT($A70,1)="E",$G70="x"),1,0) -> 0 | O70: =IF(AND(LEFT($A70,1)="C",$G70="x"),1,0) -> 0 | P70: =IF(COUNTA(G70:H70)=2,"Pilih Satu Jawaban","")
A71: C3 | C71: 62 | D71: Suka membuat catatan pengeluaran yang terperinci | G71: x | J71: =IF(AND(LEFT($A71,1)="R",$G71="x"),1,0) -> 0 | K71: =IF(AND(LEFT($A71,1)="I",$G71="x"),1,0) -> 0 | L71: =IF(AND(LEFT($A71,1)="A",$G71="x"),1,0) -> 0 | M71: =IF(AND(LEFT($A71,1)="S",$G71="x"),1,0) -> 0 | N71: =IF(AND(LEFT($A71,1)="E",$G71="x"),1,0) -> 0 | O71: =IF(AND(LEFT($A71,1)="C",$G71="x"),1,0) -> 1 | P71: =IF(COUNTA(G71:H71)=2,"Pilih Satu Jawaban","")
A72: I9 | C72: 63 | D72: Kompleks | H72: x | J72: =IF(AND(LEFT($A72,1)="R",$G72="x"),1,0) -> 0 | K72: =IF(AND(LEFT($A72,1)="I",$G72="x"),1,0) -> 0 | L72: =IF(AND(LEFT($A72,1)="A",$G72="x"),1,0) -> 0 | M72: =IF(AND(LEFT($A72,1)="S",$G72="x"),1,0) -> 0 | N72: =IF(AND(LEFT($A72,1)="E",$G72="x"),1,0) -> 0 | O72: =IF(AND(LEFT($A72,1)="C",$G72="x"),1,0) -> 0 | P72: =IF(COUNTA(G72:H72)=2,"Pilih Satu Jawaban","")
A73: E9 | C73: 64 | D73: Mampu mengelola usaha kecil | G73: x | J73: =IF(AND(LEFT($A73,1)="R",$G73="x"),1,0) -> 0 | K73: =IF(AND(LEFT($A73,1)="I",$G73="x"),1,0) -> 0 | L73: =IF(AND(LEFT($A73,1)="A",$G73="x"),1,0) -> 0 | M73: =IF(AND(LEFT($A73,1)="S",$G73="x"),1,0) -> 0 | N73: =IF(AND(LEFT($A73,1)="E",$G73="x"),1,0) -> 1 | O73: =IF(AND(LEFT($A73,1)="C",$G73="x"),1,0) -> 0 | P73: =IF(COUNTA(G73:H73)=2,"Pilih Satu Jawaban","")
A74: A6 | C74: 65 | D74: Rumit | H74: x | J74: =IF(AND(LEFT($A74,1)="R",$G74="x"),1,0) -> 0 | K74: =IF(AND(LEFT($A74,1)="I",$G74="x"),1,0) -> 0 | L74: =IF(AND(LEFT($A74,1)="A",$G74="x"),1,0) -> 0 | M74: =IF(AND(LEFT($A74,1)="S",$G74="x"),1,0) -> 0 | N74: =IF(AND(LEFT($A74,1)="E",$G74="x"),1,0) -> 0 | O74: =IF(AND(LEFT($A74,1)="C",$G74="x"),1,0) -> 0 | P74: =IF(COUNTA(G74:H74)=2,"Pilih Satu Jawaban","")
A75: R13 | C75: 66 | D75: Tertarik menjadi spesialis perikanan/ margasatwa | H75: x | J75: =IF(AND(LEFT($A75,1)="R",$G75="x"),1,0) -> 0 | K75: =IF(AND(LEFT($A75,1)="I",$G75="x"),1,0) -> 0 | L75: =IF(AND(LEFT($A75,1)="A",$G75="x"),1,0) -> 0 | M75: =IF(AND(LEFT($A75,1)="S",$G75="x"),1,0) -> 0 | N75: =IF(AND(LEFT($A75,1)="E",$G75="x"),1,0) -> 0 | O75: =IF(AND(LEFT($A75,1)="C",$G75="x"),1,0) -> 0 | P75: =IF(COUNTA(G75:H75)=2,"Pilih Satu Jawaban","")
A76: E5 | C76: 67 | D76: Suka memimpin kelompok dalam meraih tujuan tertentu | H76: x | J76: =IF(AND(LEFT($A76,1)="R",$G76="x"),1,0) -> 0 | K76: =IF(AND(LEFT($A76,1)="I",$G76="x"),1,0) -> 0 | L76: =IF(AND(LEFT($A76,1)="A",$G76="x"),1,0) -> 0 | M76: =IF(AND(LEFT($A76,1)="S",$G76="x"),1,0) -> 0 | N76: =IF(AND(LEFT($A76,1)="E",$G76="x"),1,0) -> 0 | O76: =IF(AND(LEFT($A76,1)="C",$G76="x"),1,0) -> 0 | P76: =IF(COUNTA(G76:H76)=2,"Pilih Satu Jawaban","")
A77: E2 | C77: 68 | D77: Suka menjual suatu barang | G77: x | J77: =IF(AND(LEFT($A77,1)="R",$G77="x"),1,0) -> 0 | K77: =IF(AND(LEFT($A77,1)="I",$G77="x"),1,0) -> 0 | L77: =IF(AND(LEFT($A77,1)="A",$G77="x"),1,0) -> 0 | M77: =IF(AND(LEFT($A77,1)="S",$G77="x"),1,0) -> 0 | N77: =IF(AND(LEFT($A77,1)="E",$G77="x"),1,0) -> 1 | O77: =IF(AND(LEFT($A77,1)="C",$G77="x"),1,0) -> 0 | P77: =IF(COUNTA(G77:H77)=2,"Pilih Satu Jawaban","")
A78: E16 | C78: 69 | D78: Tegas | H78: x | J78: =IF(AND(LEFT($A78,1)="R",$G78="x"),1,0) -> 0 | K78: =IF(AND(LEFT($A78,1)="I",$G78="x"),1,0) -> 0 | L78: =IF(AND(LEFT($A78,1)="A",$G78="x"),1,0) -> 0 | M78: =IF(AND(LEFT($A78,1)="S",$G78="x"),1,0) -> 0 | N78: =IF(AND(LEFT($A78,1)="E",$G78="x"),1,0) -> 0 | O78: =IF(AND(LEFT($A78,1)="C",$G78="x"),1,0) -> 0 | P78: =IF(COUNTA(G78:H78)=2,"Pilih Satu Jawaban","")
A79: C13 | C79: 70 | D79: Mampu mencatat dengan cermat pembayaran/ penjualan | G79: x | J79: =IF(AND(LEFT($A79,1)="R",$G79="x"),1,0) -> 0 | K79: =IF(AND(LEFT($A79,1)="I",$G79="x"),1,0) -> 0 | L79: =IF(AND(LEFT($A79,1)="A",$G79="x"),1,0) -> 0 | M79: =IF(AND(LEFT($A79,1)="S",$G79="x"),1,0) -> 0 | N79: =IF(AND(LEFT($A79,1)="E",$G79="x"),1,0) -> 0 | O79: =IF(AND(LEFT($A79,1)="C",$G79="x"),1,0) -> 1 | P79: =IF(COUNTA(G79:H79)=2,"Pilih Satu Jawaban","")
A80: I3 | C80: 71 | D80: Suka mengerjakan proyek ilmiah | H80: x | J80: =IF(AND(LEFT($A80,1)="R",$G80="x"),1,0) -> 0 | K80: =IF(AND(LEFT($A80,1)="I",$G80="x"),1,0) -> 0 | L80: =IF(AND(LEFT($A80,1)="A",$G80="x"),1,0) -> 0 | M80: =IF(AND(LEFT($A80,1)="S",$G80="x"),1,0) -> 0 | N80: =IF(AND(LEFT($A80,1)="E",$G80="x"),1,0) -> 0 | O80: =IF(AND(LEFT($A80,1)="C",$G80="x"),1,0) -> 0 | P80: =IF(COUNTA(G80:H80)=2,"Pilih Satu Jawaban","")
A81: S1 | C81: 72 | D81: Bisa menyatakan perasaan dengan jelas | H81: x | J81: =IF(AND(LEFT($A81,1)="R",$G81="x"),1,0) -> 0 | K81: =IF(AND(LEFT($A81,1)="I",$G81="x"),1,0) -> 0 | L81: =IF(AND(LEFT($A81,1)="A",$G81="x"),1,0) -> 0 | M81: =IF(AND(LEFT($A81,1)="S",$G81="x"),1,0) -> 0 | N81: =IF(AND(LEFT($A81,1)="E",$G81="x"),1,0) -> 0 | O81: =IF(AND(LEFT($A81,1)="C",$G81="x"),1,0) -> 0 | P81: =IF(COUNTA(G81:H81)=2,"Pilih Satu Jawaban","")
A82: R6 | C82: 73 | D82: Menyusun Sesuatu Atau Merakit Model | H82: x | J82: =IF(AND(LEFT($A82,1)="R",$G82="x"),1,0) -> 0 | K82: =IF(AND(LEFT($A82,1)="I",$G82="x"),1,0) -> 0 | L82: =IF(AND(LEFT($A82,1)="A",$G82="x"),1,0) -> 0 | M82: =IF(AND(LEFT($A82,1)="S",$G82="x"),1,0) -> 0 | N82: =IF(AND(LEFT($A82,1)="E",$G82="x"),1,0) -> 0 | O82: =IF(AND(LEFT($A82,1)="C",$G82="x"),1,0) -> 0 | P82: =IF(COUNTA(G82:H82)=2,"Pilih Satu Jawaban","")
A83: I17 | C83: 74 | D83: Senang mengamati | G83: x | J83: =IF(AND(LEFT($A83,1)="R",$G83="x"),1,0) -> 0 | K83: =IF(AND(LEFT($A83,1)="I",$G83="x"),1,0) -> 1 | L83: =IF(AND(LEFT($A83,1)="A",$G83="x"),1,0) -> 0 | M83: =IF(AND(LEFT($A83,1)="S",$G83="x"),1,0) -> 0 | N83: =IF(AND(LEFT($A83,1)="E",$G83="x"),1,0) -> 0 | O83: =IF(AND(LEFT($A83,1)="C",$G83="x"),1,0) -> 0 | P83: =IF(COUNTA(G83:H83)=2,"Pilih Satu Jawaban","")
A84: E15 | C84: 75 | D84: Mampu memengaruhi orang lain supaya melakukan sesuatu dengan caranya | H84: x | J84: =IF(AND(LEFT($A84,1)="R",$G84="x"),1,0) -> 0 | K84: =IF(AND(LEFT($A84,1)="I",$G84="x"),1,0) -> 0 | L84: =IF(AND(LEFT($A84,1)="A",$G84="x"),1,0) -> 0 | M84: =IF(AND(LEFT($A84,1)="S",$G84="x"),1,0) -> 0 | N84: =IF(AND(LEFT($A84,1)="E",$G84="x"),1,0) -> 0 | O84: =IF(AND(LEFT($A84,1)="C",$G84="x"),1,0) -> 0 | P84: =IF(COUNTA(G84:H84)=2,"Pilih Satu Jawaban","")
A85: A14 | C85: 76 | D85: Senang mengerjakan kerajinan tangan | H85: x | J85: =IF(AND(LEFT($A85,1)="R",$G85="x"),1,0) -> 0 | K85: =IF(AND(LEFT($A85,1)="I",$G85="x"),1,0) -> 0 | L85: =IF(AND(LEFT($A85,1)="A",$G85="x"),1,0) -> 0 | M85: =IF(AND(LEFT($A85,1)="S",$G85="x"),1,0) -> 0 | N85: =IF(AND(LEFT($A85,1)="E",$G85="x"),1,0) -> 0 | O85: =IF(AND(LEFT($A85,1)="C",$G85="x"),1,0) -> 0 | P85: =IF(COUNTA(G85:H85)=2,"Pilih Satu Jawaban","")
A86: R9 | C86: 77 | D86: Suka bekerja menggunakan tangan | H86: x | J86: =IF(AND(LEFT($A86,1)="R",$G86="x"),1,0) -> 0 | K86: =IF(AND(LEFT($A86,1)="I",$G86="x"),1,0) -> 0 | L86: =IF(AND(LEFT($A86,1)="A",$G86="x"),1,0) -> 0 | M86: =IF(AND(LEFT($A86,1)="S",$G86="x"),1,0) -> 0 | N86: =IF(AND(LEFT($A86,1)="E",$G86="x"),1,0) -> 0 | O86: =IF(AND(LEFT($A86,1)="C",$G86="x"),1,0) -> 0 | P86: =IF(COUNTA(G86:H86)=2,"Pilih Satu Jawaban","")
A87: S3 | C87: 78 | D87: Suka membantu orang lain dengan masalah pribadinya | H87: x | J87: =IF(AND(LEFT($A87,1)="R",$G87="x"),1,0) -> 0 | K87: =IF(AND(LEFT($A87,1)="I",$G87="x"),1,0) -> 0 | L87: =IF(AND(LEFT($A87,1)="A",$G87="x"),1,0) -> 0 | M87: =IF(AND(LEFT($A87,1)="S",$G87="x"),1,0) -> 0 | N87: =IF(AND(LEFT($A87,1)="E",$G87="x"),1,0) -> 0 | O87: =IF(AND(LEFT($A87,1)="C",$G87="x"),1,0) -> 0 | P87: =IF(COUNTA(G87:H87)=2,"Pilih Satu Jawaban","")
A88: R16 | C88: 79 | D88: Senang kegiatan fisik | H88: x | J88: =IF(AND(LEFT($A88,1)="R",$G88="x"),1,0) -> 0 | K88: =IF(AND(LEFT($A88,1)="I",$G88="x"),1,0) -> 0 | L88: =IF(AND(LEFT($A88,1)="A",$G88="x"),1,0) -> 0 | M88: =IF(AND(LEFT($A88,1)="S",$G88="x"),1,0) -> 0 | N88: =IF(AND(LEFT($A88,1)="E",$G88="x"),1,0) -> 0 | O88: =IF(AND(LEFT($A88,1)="C",$G88="x"),1,0) -> 0 | P88: =IF(COUNTA(G88:H88)=2,"Pilih Satu Jawaban","")
A89: I14 | C89: 80 | D89: Tertarik menjadi ahli teknisi laboratorium medis | H89: x | J89: =IF(AND(LEFT($A89,1)="R",$G89="x"),1,0) -> 0 | K89: =IF(AND(LEFT($A89,1)="I",$G89="x"),1,0) -> 0 | L89: =IF(AND(LEFT($A89,1)="A",$G89="x"),1,0) -> 0 | M89: =IF(AND(LEFT($A89,1)="S",$G89="x"),1,0) -> 0 | N89: =IF(AND(LEFT($A89,1)="E",$G89="x"),1,0) -> 0 | O89: =IF(AND(LEFT($A89,1)="C",$G89="x"),1,0) -> 0 | P89: =IF(COUNTA(G89:H89)=2,"Pilih Satu Jawaban","")
A90: A5 | C90: 81 | D90: Ingin menjadi seniman | H90: x | J90: =IF(AND(LEFT($A90,1)="R",$G90="x"),1,0) -> 0 | K90: =IF(AND(LEFT($A90,1)="I",$G90="x"),1,0) -> 0 | L90: =IF(AND(LEFT($A90,1)="A",$G90="x"),1,0) -> 0 | M90: =IF(AND(LEFT($A90,1)="S",$G90="x"),1,0) -> 0 | N90: =IF(AND(LEFT($A90,1)="E",$G90="x"),1,0) -> 0 | O90: =IF(AND(LEFT($A90,1)="C",$G90="x"),1,0) -> 0 | P90: =IF(COUNTA(G90:H90)=2,"Pilih Satu Jawaban","")
A91: R8 | C91: 82 | D91: Mampu melakukan perbaikan kecil pada pipa air, kran, dan lain-lain | G91: x | J91: =IF(AND(LEFT($A91,1)="R",$G91="x"),1,0) -> 1 | K91: =IF(AND(LEFT($A91,1)="I",$G91="x"),1,0) -> 0 | L91: =IF(AND(LEFT($A91,1)="A",$G91="x"),1,0) -> 0 | M91: =IF(AND(LEFT($A91,1)="S",$G91="x"),1,0) -> 0 | N91: =IF(AND(LEFT($A91,1)="E",$G91="x"),1,0) -> 0 | O91: =IF(AND(LEFT($A91,1)="C",$G91="x"),1,0) -> 0 | P91: =IF(COUNTA(G91:H91)=2,"Pilih Satu Jawaban","")
A92: R5 | C92: 83 | D92: Mampu membuat gambar dengan skala | H92: x | J92: =IF(AND(LEFT($A92,1)="R",$G92="x"),1,0) -> 0 | K92: =IF(AND(LEFT($A92,1)="I",$G92="x"),1,0) -> 0 | L92: =IF(AND(LEFT($A92,1)="A",$G92="x"),1,0) -> 0 | M92: =IF(AND(LEFT($A92,1)="S",$G92="x"),1,0) -> 0 | N92: =IF(AND(LEFT($A92,1)="E",$G92="x"),1,0) -> 0 | O92: =IF(AND(LEFT($A92,1)="C",$G92="x"),1,0) -> 0 | P92: =IF(COUNTA(G92:H92)=2,"Pilih Satu Jawaban","")
A93: C6 | C93: 84 | D93: Prosedural (Suka mengikuti aturan) | G93: x | J93: =IF(AND(LEFT($A93,1)="R",$G93="x"),1,0) -> 0 | K93: =IF(AND(LEFT($A93,1)="I",$G93="x"),1,0) -> 0 | L93: =IF(AND(LEFT($A93,1)="A",$G93="x"),1,0) -> 0 | M93: =IF(AND(LEFT($A93,1)="S",$G93="x"),1,0) -> 0 | N93: =IF(AND(LEFT($A93,1)="E",$G93="x"),1,0) -> 0 | O93: =IF(AND(LEFT($A93,1)="C",$G93="x"),1,0) -> 1 | P93: =IF(COUNTA(G93:H93)=2,"Pilih Satu Jawaban","")
A94: C8 | C94: 85 | D94: Suka mengarsip surat dan berkas-berkas lain | G94: x | J94: =IF(AND(LEFT($A94,1)="R",$G94="x"),1,0) -> 0 | K94: =IF(AND(LEFT($A94,1)="I",$G94="x"),1,0) -> 0 | L94: =IF(AND(LEFT($A94,1)="A",$G94="x"),1,0) -> 0 | M94: =IF(AND(LEFT($A94,1)="S",$G94="x"),1,0) -> 0 | N94: =IF(AND(LEFT($A94,1)="E",$G94="x"),1,0) -> 0 | O94: =IF(AND(LEFT($A94,1)="C",$G94="x"),1,0) -> 1 | P94: =IF(COUNTA(G94:H94)=2,"Pilih Satu Jawaban","")
A95: E8 | C95: 86 | D95: Mampu menjadi seorang pembicara di depan umum yang baik | H95: x | J95: =IF(AND(LEFT($A95,1)="R",$G95="x"),1,0) -> 0 | K95: =IF(AND(LEFT($A95,1)="I",$G95="x"),1,0) -> 0 | L95: =IF(AND(LEFT($A95,1)="A",$G95="x"),1,0) -> 0 | M95: =IF(AND(LEFT($A95,1)="S",$G95="x"),1,0) -> 0 | N95: =IF(AND(LEFT($A95,1)="E",$G95="x"),1,0) -> 0 | O95: =IF(AND(LEFT($A95,1)="C",$G95="x"),1,0) -> 0 | P95: =IF(COUNTA(G95:H95)=2,"Pilih Satu Jawaban","")
A96: S7 | C96: 87 | D96: Mampu memimpin diskusi kelompok | H96: x | J96: =IF(AND(LEFT($A96,1)="R",$G96="x"),1,0) -> 0 | K96: =IF(AND(LEFT($A96,1)="I",$G96="x"),1,0) -> 0 | L96: =IF(AND(LEFT($A96,1)="A",$G96="x"),1,0) -> 0 | M96: =IF(AND(LEFT($A96,1)="S",$G96="x"),1,0) -> 0 | N96: =IF(AND(LEFT($A96,1)="E",$G96="x"),1,0) -> 0 | O96: =IF(AND(LEFT($A96,1)="C",$G96="x"),1,0) -> 0 | P96: =IF(COUNTA(G96:H96)=2,"Pilih Satu Jawaban","")
A97: C1 | C97: 88 | D97: Suka melakukan pekerjaan surat menyurat/ masalah perkantoran | G97: x | J97: =IF(AND(LEFT($A97,1)="R",$G97="x"),1,0) -> 0 | K97: =IF(AND(LEFT($A97,1)="I",$G97="x"),1,0) -> 0 | L97: =IF(AND(LEFT($A97,1)="A",$G97="x"),1,0) -> 0 | M97: =IF(AND(LEFT($A97,1)="S",$G97="x"),1,0) -> 0 | N97: =IF(AND(LEFT($A97,1)="E",$G97="x"),1,0) -> 0 | O97: =IF(AND(LEFT($A97,1)="C",$G97="x"),1,0) -> 1 | P97: =IF(COUNTA(G97:H97)=2,"Pilih Satu Jawaban","")
A98: E6 | C98: 89 | D98: Senang bertemu orang baru | H98: x | J98: =IF(AND(LEFT($A98,1)="R",$G98="x"),1,0) -> 0 | K98: =IF(AND(LEFT($A98,1)="I",$G98="x"),1,0) -> 0 | L98: =IF(AND(LEFT($A98,1)="A",$G98="x"),1,0) -> 0 | M98: =IF(AND(LEFT($A98,1)="S",$G98="x"),1,0) -> 0 | N98: =IF(AND(LEFT($A98,1)="E",$G98="x"),1,0) -> 0 | O98: =IF(AND(LEFT($A98,1)="C",$G98="x"),1,0) -> 0 | P98: =IF(COUNTA(G98:H98)=2,"Pilih Satu Jawaban","")
A99: C7 | C99: 90 | D99: Bisa bekerja dengan baik dalam system /aturan | G99: x | J99: =IF(AND(LEFT($A99,1)="R",$G99="x"),1,0) -> 0 | K99: =IF(AND(LEFT($A99,1)="I",$G99="x"),1,0) -> 0 | L99: =IF(AND(LEFT($A99,1)="A",$G99="x"),1,0) -> 0 | M99: =IF(AND(LEFT($A99,1)="S",$G99="x"),1,0) -> 0 | N99: =IF(AND(LEFT($A99,1)="E",$G99="x"),1,0) -> 0 | O99: =IF(AND(LEFT($A99,1)="C",$G99="x"),1,0) -> 1 | P99: =IF(COUNTA(G99:H99)=2,"Pilih Satu Jawaban","")
A100: A3 | C100: 91 | D100: Suka merancang perabotan, pakaian atau poster | H100: x | J100: =IF(AND(LEFT($A100,1)="R",$G100="x"),1,0) -> 0 | K100: =IF(AND(LEFT($A100,1)="I",$G100="x"),1,0) -> 0 | L100: =IF(AND(LEFT($A100,1)="A",$G100="x"),1,0) -> 0 | M100: =IF(AND(LEFT($A100,1)="S",$G100="x"),1,0) -> 0 | N100: =IF(AND(LEFT($A100,1)="E",$G100="x"),1,0) -> 0 | O100: =IF(AND(LEFT($A100,1)="C",$G100="x"),1,0) -> 0 | P100: =IF(COUNTA(G100:H100)=2,"Pilih Satu Jawaban","")
A101: E18 | C101: 92 | D101: Tertarik menjadi pembawa acara / MC | H101: x | J101: =IF(AND(LEFT($A101,1)="R",$G101="x"),1,0) -> 0 | K101: =IF(AND(LEFT($A101,1)="I",$G101="x"),1,0) -> 0 | L101: =IF(AND(LEFT($A101,1)="A",$G101="x"),1,0) -> 0 | M101: =IF(AND(LEFT($A101,1)="S",$G101="x"),1,0) -> 0 | N101: =IF(AND(LEFT($A101,1)="E",$G101="x"),1,0) -> 0 | O101: =IF(AND(LEFT($A101,1)="C",$G101="x"),1,0) -> 0 | P101: =IF(COUNTA(G101:H101)=2,"Pilih Satu Jawaban","")
A102: I16 | C102: 93 | D102: Tertarik menjadi ilmuwan peneliti | H102: x | J102: =IF(AND(LEFT($A102,1)="R",$G102="x"),1,0) -> 0 | K102: =IF(AND(LEFT($A102,1)="I",$G102="x"),1,0) -> 0 | L102: =IF(AND(LEFT($A102,1)="A",$G102="x"),1,0) -> 0 | M102: =IF(AND(LEFT($A102,1)="S",$G102="x"),1,0) -> 0 | N102: =IF(AND(LEFT($A102,1)="E",$G102="x"),1,0) -> 0 | O102: =IF(AND(LEFT($A102,1)="C",$G102="x"),1,0) -> 0 | P102: =IF(COUNTA(G102:H102)=2,"Pilih Satu Jawaban","")
...

Sheet Hasil
C3: REPORT HOLLAND TEST (RIASEC)
C6: Nama | E6: =": "&Soal!F3 -> : Dina | H6: Tanggal Lahir | J6: =": "&TEXT(Soal!F5,"dd mmm yyy") -> : 24 Des 1989
C7: Jenis Kelamin | E7: =": "&Soal!F4 -> : Laki-laki | H7: Pendidikan | J7: =": "&Soal!F6 -> : S1 - Akuntansi
C10: Skor Jawaban:
E12: R | F12: I | G12: A | H12: S | I12: E | J12: C
E13: Realistic | F13: Investigative | G13: Artistic | H13: Social | I13: Enterprising | J13: Conventional
E14: =Soal!J118 -> 4 | F14: =Soal!K118 -> 10 | G14: =Soal!L118 -> 2 | H14: =Soal!M118 -> 1 | I14: =Soal!N118 -> 2 | J14: =Soal!O118 -> 18
E18: =RANK(F18,$F$18:$G$23,1)+COUNTIF($F$18:F18,F18)-1 -> 3 | F18: =RANK($E$14,$E$14:$J$14) -> 3 | G18: R | H18: 1 | I18: =VLOOKUP(H18,$E$18:$G$23,3,0) -> C | J18: =HLOOKUP(I18,$E$12:$J$13,2,0) -> Conventional
E19: =RANK(F19,$F$18:$G$23,1)+COUNTIF($F$18:F19,F19)-1 -> 2 | F19: =RANK($F$14,$E$14:$J$14) -> 2 | G19: I | H19: 2 | I19: =VLOOKUP(H19,$E$18:$G$23,3,0) -> I | J19: =HLOOKUP(I19,$E$12:$J$13,2,0) -> Investigative
E20: =RANK(F20,$F$18:$G$23,1)+COUNTIF($F$18:F20,F20)-1 -> 4 | F20: =RANK($G$14,$E$14:$J$14) -> 4 | G20: A | H20: 3 | I20: =VLOOKUP(H20,$E$18:$G$23,3,0) -> R | J20: =HLOOKUP(I20,$E$12:$J$13,2,0) -> Realistic
E21: =RANK(F21,$F$18:$G$23,1)+COUNTIF($F$18:F21,F21)-1 -> 6 | F21: =RANK($H$14,$E$14:$J$14) -> 6 | G21: S | H21: 4 | I21: =VLOOKUP(H21,$E$18:$G$23,3,0) -> A | J21: =HLOOKUP(I21,$E$12:$J$13,2,0) -> Artistic
E22: =RANK(F22,$F$18:$G$23,1)+COUNTIF($F$18:F22,F22)-1 -> 5 | F22: =RANK($I$14,$E$14:$J$14) -> 4 | G22: E | H22: 5 | I22: =VLOOKUP(H22,$E$18:$G$23,3,0) -> E | J22: =HLOOKUP(I22,$E$12:$J$13,2,0) -> Enterprising
E23: =RANK(F23,$F$18:$G$23,1)+COUNTIF($F$18:F23,F23)-1 -> 1 | F23: =RANK($J$14,$E$14:$J$14) -> 1 | G23: C | H23: 6 | I23: =VLOOKUP(H23,$E$18:$G$23,3,0) -> S | J23: =HLOOKUP(I23,$E$12:$J$13,2,0) -> Social
C32: Interpretasi Umum:
F33: Kombinasi Tipe Minat Tertinggi
G34: =I18 -> C
G35: =J18 -> Conventional
G36: =I19 -> I | H36: =I20 -> R
G37: Konsistensi :
G38: =VLOOKUP(G34&G36,referensi!B11:C40,2,0) -> Sedang
F39: =$I$18&$I$19 -> CI
C40: =VLOOKUP(G34,referensi!A2:B7,2,0) -> Orang dengan minat Convensial menghasilkan preferensi yang membawa individu untuk menyenangi aktivitas yang teratur dan sistematis seperti misalnya mengarsipkan sesuatu, mereproduksi material, mencatat data, mengolah data, menyukai pekerjaan yang mengikuti prosedur dan rutinitas yang ditetapkan. Kecenderungan ini me-ngantarkan individu memiliki kompetensi klerikal, menghitung dan kompetensi bisnis. Tapi mengurangi kompetensi artistik.
C42: Contoh Profesi Terkait:
C45: =VLOOKUP(G34,referensi!A1:C7,3,0) -> Akuntan, Aktuaris, Ahli Statistik, Analis Keuangan, Operator komputer, Pustakawan, Programer Bisnis, Pengarsip, dan pekerjaan yang berhubungan dengan administrasi.

Sheet referensi
A1: Kode | B1: Deskripsi | C1: Pekerjaan
A2: R | B2: Orang dengan minat Realistis menyukai pekerjaan yang mencakup masalah dan jawaban praktis dan langsung. Menyukai kegiatan yang melibatkan keterampilan motorik, peralatan, mesin Seringkali orang dengan minat Realistis tidak menyukai karier yang melibatkan dokumen atau bekerja sama dengan orang lain. | C2: Atlet, Operator, Pilot, Koki, Mekanik, Polisi, Perawat, Insinyur, pengawas bangunan, Petani, Peternak
A3: I | B3: Orang dengan minat Investigasi menyukai pekerjaan yang berkaitan dengan ide dan pemikiran. memilih kegiatan penyelidikan yang observasional, simbolis, sistematis dan kreatif atas fenomena fisik, biologis dan kultural dalam usahanya untuk mengerti dan mengendalikan fenomena tersebut. Mereka berprestasi terutama dalam bidang akademik dan ilmiah, serta biasanya kurang menyukai aktivitas fisik atau memimpin orang. | C3: Ahli antropologi, astronomi, biologi, botani, kimia, editor penerbitan ilmiah, geologi, pekerjaan penelitian, dan pekerjaan lain yang sejenis
A4: A | B4: Orang dengan minat Artistik menyukai pekerjaan dan aktivitas yang bebas, tidak sistematis, ambisius dalam usahanya memanipulasi material fisik, verbal dan humanistic untuk tujuan menciptakan bentuk-bentuk atau produk-produk seni. Kecenderungan ini mengantarkannya memiliki kompetensi artistik, bahasa, musik, drama, mengarang. Tetapi mengurangi kompetensi dibidang klerikal dan bisnis. | C4: Desainer, Penulis, Musisi, Arsitek, Wartawan, Penari, Translator, Artis dan pekerjaan lain yang sejenis.
A5: S | B5: Orang dengan minat Sosial menyukai aktivitas yang melibatkan berelasi, berkomunikasi dan mengajar orang.Mereka dilambangkan dengan ketrampilan sosial dan kebutuhan untuk interaksi sosial. Pekerjaannya sering melibatkan membantu atau memberikan layanan kepada orang lain. Tetapi mengurangi kompetensi di bidang teknik dan manual. | C5: Guru, Terapis, Tour Guide, Perawat, Hakim, Konselor, Psikolog, Sejarawan, misionari, Pekerja Sosial, Ahli Patolog Bicara dan pekerjaan lain yang sejenis.
A6: E | B6: Orang dengan minat Enterprising menghasilkan preferensi yang mendorong individu untuk menikmati memanipulasi kegiatan orang lain dalam usahanya mencapai tujuan organisasi atau keuntungan ekonomi. Kecenderungan ini akan mengarah pada kompetensi kepemimpinan, hubungan timbal balik pribadi dan persuasif, tugas yang menitikberatkan kepada kemampuan verbal yang digunakan untuk mengarahkan dan mempengaruhi orang lain. Tetapi mengurangi kompetensi ilmiah. | C6: Pengacara, Pelobi, Politikus, Pegawai humas, Pelobi, Manajer penjualan, Staf penjualan, perwakilan dagang, dan pekerjaan lain yang sejenis.
A7: C | B7: Orang dengan minat Convensial menghasilkan preferensi yang membawa individu untuk menyenangi aktivitas yang teratur dan sistematis seperti misalnya mengarsipkan sesuatu, mereproduksi material, mencatat data, mengolah data, menyukai pekerjaan yang mengikuti prosedur dan rutinitas yang ditetapkan. Kecenderungan ini me-ngantarkan individu memiliki kompetensi klerikal, menghitung dan kompetensi bisnis. Tapi mengurangi kompetensi artistik. | C7: Akuntan, Aktuaris, Ahli Statistik, Analis Keuangan, Operator komputer, Pustakawan, Programer Bisnis, Pengarsip, dan pekerjaan yang berhubungan dengan administrasi.
B10: Tinggat Konsistensi
B11: RI | C11: Tinggi
B12: RC | C12: Tinggi
B13: IR | C13: Tinggi
B14: IA | C14: Tinggi
B15: AI | C15: Tinggi
B16: AS | C16: Tinggi
B17: SA | C17: Tinggi
B18: SE | C18: Tinggi
B19: ES | C19: Tinggi
B20: CE | C20: Tinggi
B21: EC | C21: Tinggi
B22: CR | C22: Tinggi
... B40: CA | C40: Rendah
